question_id,question_type,source_types,expected_doc_ids,rrf_pool_size,rerank_returned,rerank_seconds,hit@10,rank@10,hit@20,rank@20,hit@30,rank@30,hit@40,rank@40,hit@50,rank@50,hit@60,rank@60,hit@70,rank@70,hit@80,rank@80,hit@90,rank@90,hit@100,rank@100,hit@120,rank@120,hit@150,rank@150,hit@180,rank@180,hit@200,rank@200,hit@500,rank@500,hit@750,rank@750,hit@1000,rank@1000
qst_0001,basic,github,dsid_ae068ee4aa9640159427cd941bef0238,2000,2000,14.289,1,3,1,3,1,3,1,3,1,3,1,3,1,3,1,3,1,3,1,3,1,3,1,3,1,3,1,3,1,3,1,3,1,3
qst_0002,basic,github,dsid_9550250a59e74f1bbd5612480b2e7100,2000,2000,3.436,1,6,1,6,1,6,1,6,1,6,1,6,1,6,1,6,1,6,1,6,1,6,1,6,1,6,1,6,1,6,1,6,1,6
qst_0003,basic,linear,dsid_3fd6af404fae48e6b8ea5a57875ef78f,2000,2000,2.184,1,1,1,1,1,1,1,1,1,1,1,1,1,1,1,1,1,1,1,1,1,1,1,1,1,1,1,1,1,1,1,1,1,1
qst_0004,basic,fireflies,dsid_6c4c1c875e704f09b4d791d64d7bc7e5,2000,2000,3.401,0,,0,,0,,0,,0,,0,,0,,0,,0,,0,,0,,0,,0,,0,,0,,0,,0,
qst_0005,basic,gmail,dsid_8e838ab6a98f4cbcb672d41f210ff89c,2000,2000,3.54,0,,1,13,1,13,1,13,1,13,1,13,1,13,1,13,1,13,1,13,1,13,1,13,1,13,1,13,1,13,1,13,1,13
qst_0006,basic,google_drive,dsid_184be937d34a412ab5e61366d54d8ed6,2000,2000,3.446,1,3,1,3,1,3,1,3,1,3,1,3,1,3,1,3,1,3,1,3,1,3,1,3,1,3,1,3,1,3,1,3,1,3
qst_0007,basic,google_drive,dsid_72ec4a9962ba43e88acd61abbba1052d,2000,2000,3.24,0,,1,13,1,13,1,13,1,13,1,13,1,13,1,13,1,13,1,13,1,13,1,13,1,13,1,13,1,13,1,13,1,13
qst_0008,basic,google_drive,dsid_5fc2dba9f6ac4af2b49b4f546a4298d0,2000,2000,2.855,1,5,1,5,1,5,1,5,1,5,1,5,1,5,1,5,1,5,1,5,1,5,1,5,1,5,1,5,1,5,1,5,1,5
qst_0009,basic,gmail,dsid_85deb10a652742baaf28af6149600001,2000,2000,2.64,1,1,1,1,1,1,1,1,1,1,1,1,1,1,1,1,1,1,1,1,1,1,1,1,1,1,1,1,1,1,1,1,1,1
qst_0010,basic,github,dsid_c1a6a71323c04c1ba5445aadea340362,2000,2000,3.092,1,1,1,1,1,1,1,1,1,1,1,1,1,1,1,1,1,1,1,1,1,1,1,1,1,1,1,1,1,1,1,1,1,1
qst_0011,basic,confluence,dsid_46a4cb87db414e769f2df86f01626948,2000,2000,2.69,1,1,1,1,1,1,1,1,1,1,1,1,1,1,1,1,1,1,1,1,1,1,1,1,1,1,1,1,1,1,1,1,1,1
qst_0012,basic,jira,dsid_59cb294da8964683bb165a3bb615df71,2000,2000,2.477,1,1,1,1,1,1,1,1,1,1,1,1,1,1,1,1,1,1,1,1,1,1,1,1,1,1,1,1,1,1,1,1,1,1
qst_0013,basic,confluence,dsid_f1b208f3637e4987aeab371242a5bea5,2000,2000,3.563,1,1,1,1,1,1,1,1,1,1,1,1,1,1,1,1,1,1,1,1,1,1,1,1,1,1,1,1,1,1,1,1,1,1
qst_0014,basic,fireflies,dsid_9ed01291d81947f49500df5fb28ab724,2000,2000,3.64,0,,0,,0,,0,,0,,0,,0,,0,,0,,0,,0,,0,,0,,0,,0,,0,,0,
qst_0015,basic,hubspot,dsid_e75bbf328fe349d2bb39e29b1ed7c9d5,2000,2000,2.708,1,1,1,1,1,1,1,1,1,1,1,1,1,1,1,1,1,1,1,1,1,1,1,1,1,1,1,1,1,1,1,1,1,1
qst_0016,basic,confluence,dsid_ba7d1565b0694e359983bccaa4bf5977,2000,2000,3.287,1,6,1,6,1,6,1,6,1,6,1,6,1,6,1,6,1,6,1,6,1,6,1,6,1,6,1,6,1,6,1,6,1,6
qst_0017,basic,hubspot,dsid_03af1e44970d4d6db6e85bc2c5fce8de,2000,2000,2.772,0,,0,,0,,0,,0,,0,,0,,0,,1,81,1,81,1,81,1,81,1,81,1,81,1,81,1,81,1,81
qst_0018,basic,linear,dsid_1f81f208f51a4aacaca226109bbedc72,2000,2000,2.595,1,1,1,1,1,1,1,1,1,1,1,1,1,1,1,1,1,1,1,1,1,1,1,1,1,1,1,1,1,1,1,1,1,1
qst_0019,basic,jira,dsid_e728a420a02a4ddcb125e6adb09d211e,2000,2000,2.566,1,1,1,1,1,1,1,1,1,1,1,1,1,1,1,1,1,1,1,1,1,1,1,1,1,1,1,1,1,1,1,1,1,1
qst_0020,basic,github,dsid_1c53affffb4f477ca476bec3138b60eb,2000,2000,2.603,1,1,1,1,1,1,1,1,1,1,1,1,1,1,1,1,1,1,1,1,1,1,1,1,1,1,1,1,1,1,1,1,1,1
qst_0021,basic,confluence,dsid_d7f0edbaa28147da807b5b85ea495bd1,2000,2000,3.33,1,1,1,1,1,1,1,1,1,1,1,1,1,1,1,1,1,1,1,1,1,1,1,1,1,1,1,1,1,1,1,1,1,1
qst_0022,basic,confluence,dsid_f2f019c122154edc8b21f56879661043,2000,2000,3.565,1,1,1,1,1,1,1,1,1,1,1,1,1,1,1,1,1,1,1,1,1,1,1,1,1,1,1,1,1,1,1,1,1,1
qst_0023,basic,confluence,dsid_a2983978ba0d4d70a795eb7e13de8670,2000,2000,2.906,1,3,1,3,1,3,1,3,1,3,1,3,1,3,1,3,1,3,1,3,1,3,1,3,1,3,1,3,1,3,1,3,1,3
qst_0024,basic,jira,dsid_1d5a3cde61104276b218c05dc101a546,2000,2000,2.5,0,,0,,1,25,1,25,1,25,1,25,1,25,1,25,1,25,1,25,1,25,1,25,1,25,1,25,1,25,1,25,1,25
qst_0025,basic,confluence,dsid_9c8cb10d65324c03a8ededbd98c1b058,2000,2000,3.092,1,6,1,6,1,6,1,6,1,6,1,6,1,6,1,6,1,6,1,6,1,6,1,6,1,6,1,6,1,6,1,6,1,6
qst_0026,basic,gmail,dsid_c6a6396159964deeb021d646eaaf2b0c,2000,2000,3.551,0,,0,,0,,0,,1,43,1,43,1,43,1,43,1,43,1,43,1,43,1,43,1,43,1,43,1,43,1,43,1,43
qst_0027,basic,gmail,dsid_214ba4ea822e4d328287194a5e27e632,2000,2000,3.174,0,,0,,0,,0,,1,42,1,42,1,42,1,42,1,42,1,42,1,42,1,42,1,42,1,42,1,42,1,42,1,42
qst_0028,basic,slack,dsid_7c0157af909c4a6190e00e1fc6b92b73,2000,2000,2.095,1,1,1,1,1,1,1,1,1,1,1,1,1,1,1,1,1,1,1,1,1,1,1,1,1,1,1,1,1,1,1,1,1,1
qst_0029,basic,jira,dsid_429267fe79c74918a26272f6c0e48f10,2000,2000,3.021,1,1,1,1,1,1,1,1,1,1,1,1,1,1,1,1,1,1,1,1,1,1,1,1,1,1,1,1,1,1,1,1,1,1
qst_0030,basic,linear,dsid_54525a33e2d44d4a9b665feaf8fab624,2000,2000,2.819,1,1,1,1,1,1,1,1,1,1,1,1,1,1,1,1,1,1,1,1,1,1,1,1,1,1,1,1,1,1,1,1,1,1
qst_0031,basic,confluence,dsid_c198dbbcf28a4c73ad1d705809634176,2000,2000,3.365,1,8,1,8,1,8,1,8,1,8,1,8,1,8,1,8,1,8,1,8,1,8,1,8,1,8,1,8,1,8,1,8,1,8
qst_0032,basic,linear,dsid_39e191ec758c41a8adecd223951b8b93,2000,2000,2.61,0,,0,,1,29,1,29,1,29,1,29,1,29,1,29,1,29,1,29,1,29,1,29,1,29,1,29,1,29,1,29,1,29
qst_0033,basic,fireflies,dsid_05faa1ab6427403888a06d7083c7f0a9,2000,2000,3.979,0,,0,,0,,0,,0,,0,,0,,0,,0,,0,,0,,0,,0,,0,,0,,0,,0,
qst_0034,basic,linear,dsid_1867cdf06a00437194b3250c75321a92,2000,2000,1.955,1,1,1,1,1,1,1,1,1,1,1,1,1,1,1,1,1,1,1,1,1,1,1,1,1,1,1,1,1,1,1,1,1,1
qst_0035,basic,confluence,dsid_7c73cb76b80a41edb4959db4b1e7308b,2000,2000,3.424,0,,0,,0,,0,,1,42,1,42,1,42,1,42,1,42,1,42,1,42,1,42,1,42,1,42,1,42,1,42,1,42
qst_0036,basic,linear,dsid_f94b93a4bc7948ddab45c371187dc6c6,2000,2000,3.146,1,3,1,3,1,3,1,3,1,3,1,3,1,3,1,3,1,3,1,3,1,3,1,3,1,3,1,3,1,3,1,3,1,3
qst_0037,basic,jira,dsid_18621ce91fd14b408a2be95336bb4ab0,2000,2000,2.135,1,1,1,1,1,1,1,1,1,1,1,1,1,1,1,1,1,1,1,1,1,1,1,1,1,1,1,1,1,1,1,1,1,1
qst_0038,basic,fireflies,dsid_f4e0ec9fc27c4e52a55b34af90fcd1b0,2000,2000,3.691,0,,0,,0,,0,,1,46,1,46,1,46,1,46,1,46,1,46,1,46,1,46,1,46,1,46,1,46,1,46,1,46
qst_0039,basic,google_drive,dsid_f0567bbb5dbd4a52aef951e11ec13f2b,2000,2000,2.504,1,8,1,8,1,8,1,8,1,8,1,8,1,8,1,8,1,8,1,8,1,8,1,8,1,8,1,8,1,8,1,8,1,8
qst_0040,basic,confluence,dsid_43ecb807903f46848e8d099b6c8beb04,2000,2000,3.371,0,,0,,0,,0,,0,,0,,0,,0,,1,88,1,88,1,88,1,88,1,88,1,88,1,88,1,88,1,88
qst_0041,basic,fireflies,dsid_862bb899faac43feab4f92a12d320e7c,2000,2000,3.964,0,,0,,0,,0,,0,,0,,0,,0,,0,,0,,0,,0,,0,,0,,0,,0,,0,
qst_0042,basic,hubspot,dsid_eea41d353de049aa89be98b6f9cf5de1,2000,2000,1.665,1,1,1,1,1,1,1,1,1,1,1,1,1,1,1,1,1,1,1,1,1,1,1,1,1,1,1,1,1,1,1,1,1,1
qst_0043,basic,slack,dsid_321eee6325824623833bbe754bf83a0b,2000,2000,2.587,0,,0,,0,,0,,0,,0,,0,,0,,0,,0,,0,,0,,0,,0,,0,,0,,0,
qst_0044,basic,gmail,dsid_94f011e1d2d04c89a4edc1d68ed9d855,2000,2000,3.138,1,1,1,1,1,1,1,1,1,1,1,1,1,1,1,1,1,1,1,1,1,1,1,1,1,1,1,1,1,1,1,1,1,1
qst_0045,basic,jira,dsid_a673ed031ece43c5bc4a0d27a284c8dc,2000,2000,3.525,1,1,1,1,1,1,1,1,1,1,1,1,1,1,1,1,1,1,1,1,1,1,1,1,1,1,1,1,1,1,1,1,1,1
qst_0046,basic,gmail,dsid_3be2b45196414cad9b187551da3ed448,2000,2000,2.938,1,1,1,1,1,1,1,1,1,1,1,1,1,1,1,1,1,1,1,1,1,1,1,1,1,1,1,1,1,1,1,1,1,1
qst_0047,basic,google_drive,dsid_7a2cfe4b7e574e6995f33e64bbdbf426,2000,2000,2.923,1,3,1,3,1,3,1,3,1,3,1,3,1,3,1,3,1,3,1,3,1,3,1,3,1,3,1,3,1,3,1,3,1,3
qst_0048,basic,linear,dsid_8412db85d95a45f7bbfb14dacedb4d8b,2000,2000,2.388,1,1,1,1,1,1,1,1,1,1,1,1,1,1,1,1,1,1,1,1,1,1,1,1,1,1,1,1,1,1,1,1,1,1
qst_0049,basic,gmail,dsid_e04776cee2964731b96192cae88e9e6b,2000,2000,2.638,0,,1,18,1,18,1,18,1,18,1,18,1,18,1,18,1,18,1,18,1,18,1,18,1,18,1,18,1,18,1,18,1,18
qst_0050,basic,google_drive,dsid_089917448e654911bd186650ed12feb9,2000,2000,2.069,0,,0,,0,,0,,0,,0,,0,,0,,0,,0,,0,,0,,0,,0,,1,368,1,368,1,368
qst_0051,basic,slack,dsid_27bd877a9fb74bcaa4e93871f28f3f4d,2000,2000,2.903,1,6,1,6,1,6,1,6,1,6,1,6,1,6,1,6,1,6,1,6,1,6,1,6,1,6,1,6,1,6,1,6,1,6
qst_0052,basic,github,dsid_49215834c17d4f0c98d4ad11f62f0c9a,2000,2000,2.569,1,7,1,7,1,7,1,7,1,7,1,7,1,7,1,7,1,7,1,7,1,7,1,7,1,7,1,7,1,7,1,7,1,7
qst_0053,basic,slack,dsid_87ef890a0795443bb74815e8a6378405,2000,2000,3.526,1,2,1,2,1,2,1,2,1,2,1,2,1,2,1,2,1,2,1,2,1,2,1,2,1,2,1,2,1,2,1,2,1,2
qst_0054,basic,google_drive,dsid_cfc80f61d84848c58d961b49d1b3a774,2000,2000,2.776,1,8,1,8,1,8,1,8,1,8,1,8,1,8,1,8,1,8,1,8,1,8,1,8,1,8,1,8,1,8,1,8,1,8
qst_0055,basic,gmail,dsid_27da22aa63b3446387fffc29b45a0883,2000,2000,3.039,0,,0,,0,,1,34,1,34,1,34,1,34,1,34,1,34,1,34,1,34,1,34,1,34,1,34,1,34,1,34,1,34
qst_0056,basic,slack,dsid_42fcb5c1e0394276b37ecf4308e227ac,2000,2000,2.627,0,,1,15,1,15,1,15,1,15,1,15,1,15,1,15,1,15,1,15,1,15,1,15,1,15,1,15,1,15,1,15,1,15
qst_0057,basic,google_drive,dsid_4e89403dcf74496c8a8516bfd64e351f,2000,2000,2.665,1,1,1,1,1,1,1,1,1,1,1,1,1,1,1,1,1,1,1,1,1,1,1,1,1,1,1,1,1,1,1,1,1,1
qst_0058,basic,gmail,dsid_a8f0c8524573431c9b789291d63b716a,2000,2000,2.443,0,,0,,0,,0,,0,,0,,0,,0,,0,,0,,0,,0,,0,,0,,1,205,1,205,1,205
qst_0059,basic,jira,dsid_9a088141571b435f995568199ec4bcc9,2000,2000,2.464,1,1,1,1,1,1,1,1,1,1,1,1,1,1,1,1,1,1,1,1,1,1,1,1,1,1,1,1,1,1,1,1,1,1
qst_0060,basic,linear,dsid_8381e16639f148c7863aa3d393cb64da,2000,2000,1.843,1,1,1,1,1,1,1,1,1,1,1,1,1,1,1,1,1,1,1,1,1,1,1,1,1,1,1,1,1,1,1,1,1,1
qst_0061,basic,linear,dsid_2e5aaaa6db404ec19cb15a6f92be66a3,2000,2000,1.868,1,2,1,2,1,2,1,2,1,2,1,2,1,2,1,2,1,2,1,2,1,2,1,2,1,2,1,2,1,2,1,2,1,2
qst_0062,basic,google_drive,dsid_702bc520c52040428799fed41c63c8ca,2000,2000,2.334,0,,0,,0,,0,,0,,0,,0,,0,,0,,0,,0,,0,,0,,0,,1,247,1,247,1,247
qst_0063,basic,hubspot,dsid_4b0f5e573e5e4ce8bbbcf370c3ea7eaa,2000,2000,3.176,1,1,1,1,1,1,1,1,1,1,1,1,1,1,1,1,1,1,1,1,1,1,1,1,1,1,1,1,1,1,1,1,1,1
qst_0064,basic,slack,dsid_d555b86d66ab43a48018e16e0ec90eb0,2000,2000,3.288,0,,0,,0,,0,,0,,0,,0,,0,,0,,0,,0,,0,,0,,0,,0,,0,,1,793
qst_0065,basic,jira,dsid_1eba87b0b11b4f31a006f0cf164b8509,2000,2000,3.061,1,4,1,4,1,4,1,4,1,4,1,4,1,4,1,4,1,4,1,4,1,4,1,4,1,4,1,4,1,4,1,4,1,4
qst_0066,basic,hubspot,dsid_8f5b801cebc34eb4b233bd0ef7c1b546,2000,2000,2.223,1,1,1,1,1,1,1,1,1,1,1,1,1,1,1,1,1,1,1,1,1,1,1,1,1,1,1,1,1,1,1,1,1,1
qst_0067,basic,linear,dsid_14a447cb5b1140709c7cb3cc9a88c430,2000,2000,2.021,1,1,1,1,1,1,1,1,1,1,1,1,1,1,1,1,1,1,1,1,1,1,1,1,1,1,1,1,1,1,1,1,1,1
qst_0068,basic,github,dsid_c7860fdbc17a48b0b6c5f9a0c5e3d054,2000,2000,3.931,1,1,1,1,1,1,1,1,1,1,1,1,1,1,1,1,1,1,1,1,1,1,1,1,1,1,1,1,1,1,1,1,1,1
qst_0069,basic,google_drive,dsid_6d38a7bff5c84270adff95742a3eebce,2000,2000,2.53,1,1,1,1,1,1,1,1,1,1,1,1,1,1,1,1,1,1,1,1,1,1,1,1,1,1,1,1,1,1,1,1,1,1
qst_0070,basic,fireflies,dsid_7d9551aa21124d70b0e247c390d88622,2000,2000,2.47,0,,0,,0,,0,,0,,0,,0,,0,,0,,0,,0,,0,,0,,0,,0,,0,,0,
qst_0071,basic,linear,dsid_f3c46e1166f34b9c92a83034450fe021,2000,2000,3.161,1,1,1,1,1,1,1,1,1,1,1,1,1,1,1,1,1,1,1,1,1,1,1,1,1,1,1,1,1,1,1,1,1,1
qst_0072,basic,slack,dsid_0143493e1a514c28a39f1cf55744d37b,2000,2000,3.138,1,6,1,6,1,6,1,6,1,6,1,6,1,6,1,6,1,6,1,6,1,6,1,6,1,6,1,6,1,6,1,6,1,6
qst_0073,basic,gmail,dsid_a1e0ff30870f40d7b692aa27bbedc194,2000,2000,2.798,0,,1,11,1,11,1,11,1,11,1,11,1,11,1,11,1,11,1,11,1,11,1,11,1,11,1,11,1,11,1,11,1,11
qst_0074,basic,github,dsid_8779ac72d6504759b701178632772f6c,2000,2000,2.599,0,,0,,0,,0,,0,,1,54,1,54,1,54,1,54,1,54,1,54,1,54,1,54,1,54,1,54,1,54,1,54
qst_0075,basic,github,dsid_caf02469a41c46cf8387713b83c628f3,2000,2000,2.688,0,,0,,0,,0,,0,,0,,0,,0,,1,88,1,88,1,88,1,88,1,88,1,88,1,88,1,88,1,88
qst_0076,basic,jira,dsid_b097ab5d9e4c41609f47432dfcb1508b,2000,2000,2.421,1,1,1,1,1,1,1,1,1,1,1,1,1,1,1,1,1,1,1,1,1,1,1,1,1,1,1,1,1,1,1,1,1,1
qst_0077,basic,github,dsid_88b39d13bd584ef8b1422d76994808c7,2000,2000,2.319,1,3,1,3,1,3,1,3,1,3,1,3,1,3,1,3,1,3,1,3,1,3,1,3,1,3,1,3,1,3,1,3,1,3
qst_0078,basic,linear,dsid_1a40ab782f8b4d80929a9668462912e2,2000,2000,2.379,1,1,1,1,1,1,1,1,1,1,1,1,1,1,1,1,1,1,1,1,1,1,1,1,1,1,1,1,1,1,1,1,1,1
qst_0079,basic,google_drive,dsid_9776bd75ffbb4ca7b10669be1512daa3,2000,2000,2.624,1,1,1,1,1,1,1,1,1,1,1,1,1,1,1,1,1,1,1,1,1,1,1,1,1,1,1,1,1,1,1,1,1,1
qst_0080,basic,jira,dsid_ad3961a5bbd846d09d101bfa951ab739,2000,2000,3.165,1,1,1,1,1,1,1,1,1,1,1,1,1,1,1,1,1,1,1,1,1,1,1,1,1,1,1,1,1,1,1,1,1,1
qst_0081,basic,linear,dsid_7a7c04eebb914edab49f734c8e814beb,2000,2000,2.952,1,1,1,1,1,1,1,1,1,1,1,1,1,1,1,1,1,1,1,1,1,1,1,1,1,1,1,1,1,1,1,1,1,1
qst_0082,basic,fireflies,dsid_045c297ec2ef495abd66cb1f09921fc4,2000,2000,2.662,0,,1,17,1,17,1,17,1,17,1,17,1,17,1,17,1,17,1,17,1,17,1,17,1,17,1,17,1,17,1,17,1,17
qst_0083,basic,jira,dsid_3b9483f629fd423d81ac49a7efff89c9,2000,2000,2.137,1,4,1,4,1,4,1,4,1,4,1,4,1,4,1,4,1,4,1,4,1,4,1,4,1,4,1,4,1,4,1,4,1,4
qst_0084,basic,linear,dsid_7a094ff98c3b4c96a77f3949aedeb749,2000,2000,2.288,1,3,1,3,1,3,1,3,1,3,1,3,1,3,1,3,1,3,1,3,1,3,1,3,1,3,1,3,1,3,1,3,1,3
qst_0085,basic,google_drive,dsid_2271ae6c393d409093b11b5a6d5b96ed,2000,2000,3.098,1,1,1,1,1,1,1,1,1,1,1,1,1,1,1,1,1,1,1,1,1,1,1,1,1,1,1,1,1,1,1,1,1,1
qst_0086,basic,jira,dsid_3f4010bdd3c44b99bb1c1ad2326f5eda,2000,2000,1.921,1,1,1,1,1,1,1,1,1,1,1,1,1,1,1,1,1,1,1,1,1,1,1,1,1,1,1,1,1,1,1,1,1,1
qst_0087,basic,linear,dsid_d921e1d4282b45a7b4990e2366bedc05,2000,2000,2.936,1,2,1,2,1,2,1,2,1,2,1,2,1,2,1,2,1,2,1,2,1,2,1,2,1,2,1,2,1,2,1,2,1,2
qst_0088,basic,slack,dsid_e56d8d932da04590b336dbc60ad25f41,2000,2000,1.428,1,1,1,1,1,1,1,1,1,1,1,1,1,1,1,1,1,1,1,1,1,1,1,1,1,1,1,1,1,1,1,1,1,1
qst_0089,basic,github,dsid_426ca69578a84dd4af512e5a2782086e,2000,2000,3.302,0,,0,,0,,0,,1,41,1,41,1,41,1,41,1,41,1,41,1,41,1,41,1,41,1,41,1,41,1,41,1,41
qst_0090,basic,hubspot,dsid_4331f37f2b8d4e2cb0f5c5719a033e2f,2000,2000,2.838,0,,0,,0,,0,,0,,0,,0,,0,,0,,0,,0,,0,,0,,0,,0,,0,,0,
qst_0091,basic,google_drive,dsid_9eda2ec9cbda4188936246d888df1d0b,2000,2000,3.21,0,,0,,0,,0,,0,,0,,0,,0,,0,,0,,0,,0,,0,,0,,1,291,1,291,1,291
qst_0092,basic,slack,dsid_fa7dba9ea186436281a953c7b376bf11,2000,2000,2.4,0,,0,,0,,0,,0,,1,53,1,53,1,53,1,53,1,53,1,53,1,53,1,53,1,53,1,53,1,53,1,53
qst_0093,basic,hubspot,dsid_3bc3170ead63470eaef9a53ca835cec0,2000,2000,3.242,1,1,1,1,1,1,1,1,1,1,1,1,1,1,1,1,1,1,1,1,1,1,1,1,1,1,1,1,1,1,1,1,1,1
qst_0094,basic,google_drive,dsid_bec90d2205534ca9a016f244e13884e5,2000,2000,3.051,0,,0,,1,26,1,26,1,26,1,26,1,26,1,26,1,26,1,26,1,26,1,26,1,26,1,26,1,26,1,26,1,26
qst_0095,basic,linear,dsid_5fbf425415da4b7487f0ebbf289a39d6,2000,2000,3.094,1,2,1,2,1,2,1,2,1,2,1,2,1,2,1,2,1,2,1,2,1,2,1,2,1,2,1,2,1,2,1,2,1,2
qst_0096,basic,jira,dsid_8138b96e181940418cc5067b2630064e,2000,2000,2.232,1,1,1,1,1,1,1,1,1,1,1,1,1,1,1,1,1,1,1,1,1,1,1,1,1,1,1,1,1,1,1,1,1,1
qst_0097,basic,github,dsid_6c58ddb8ecf543d89fca8352351dea29,2000,2000,2.802,1,1,1,1,1,1,1,1,1,1,1,1,1,1,1,1,1,1,1,1,1,1,1,1,1,1,1,1,1,1,1,1,1,1
qst_0098,basic,gmail,dsid_c23a3d9d049d4fe79acf83653b564e0b,2000,2000,3.283,1,1,1,1,1,1,1,1,1,1,1,1,1,1,1,1,1,1,1,1,1,1,1,1,1,1,1,1,1,1,1,1,1,1
qst_0099,basic,slack,dsid_fa2d9f0bda0e4d6b9174ae6b15f7b37e,2000,2000,2.658,1,1,1,1,1,1,1,1,1,1,1,1,1,1,1,1,1,1,1,1,1,1,1,1,1,1,1,1,1,1,1,1,1,1
qst_0100,basic,slack,dsid_94095ba27ce5414db28e599562c12908,2000,2000,2.25,0,,0,,0,,1,35,1,35,1,35,1,35,1,35,1,35,1,35,1,35,1,35,1,35,1,35,1,35,1,35,1,35
qst_0101,basic,fireflies,dsid_e37e7b7723e34b8087ef051804bfe85e,2000,2000,3.849,1,1,1,1,1,1,1,1,1,1,1,1,1,1,1,1,1,1,1,1,1,1,1,1,1,1,1,1,1,1,1,1,1,1
qst_0102,basic,confluence,dsid_e044274a9d184700bb8cdf9ddb6d9d02,2000,2000,2.914,1,2,1,2,1,2,1,2,1,2,1,2,1,2,1,2,1,2,1,2,1,2,1,2,1,2,1,2,1,2,1,2,1,2
qst_0103,basic,github,dsid_47fa00c889fb4446b0481efea384a7ce,2000,2000,2.272,1,1,1,1,1,1,1,1,1,1,1,1,1,1,1,1,1,1,1,1,1,1,1,1,1,1,1,1,1,1,1,1,1,1
qst_0104,basic,confluence,dsid_005f7a937cad4b3cbb30d9d93199e22a,2000,2000,2.076,1,9,1,9,1,9,1,9,1,9,1,9,1,9,1,9,1,9,1,9,1,9,1,9,1,9,1,9,1,9,1,9,1,9
qst_0105,basic,google_drive,dsid_c83811391709468fa9534e6495c205e3,2000,2000,3.807,1,2,1,2,1,2,1,2,1,2,1,2,1,2,1,2,1,2,1,2,1,2,1,2,1,2,1,2,1,2,1,2,1,2
qst_0106,basic,linear,dsid_6f69a170c5ab486588cf0bd92e0d53db,2000,2000,2.555,1,1,1,1,1,1,1,1,1,1,1,1,1,1,1,1,1,1,1,1,1,1,1,1,1,1,1,1,1,1,1,1,1,1
qst_0107,basic,hubspot,dsid_509b34ee9a334f68a693e61dfbf558c4,2000,2000,2.756,1,1,1,1,1,1,1,1,1,1,1,1,1,1,1,1,1,1,1,1,1,1,1,1,1,1,1,1,1,1,1,1,1,1
qst_0108,basic,slack,dsid_a0e951c043154b07b1b5bd332ac47763,2000,2000,3.335,0,,0,,0,,0,,0,,0,,0,,0,,0,,0,,0,,1,135,1,135,1,135,1,135,1,135,1,135
qst_0109,basic,hubspot,dsid_c9e70cb6eee1471baba213a976a8dd05,2000,2000,1.734,1,9,1,9,1,9,1,9,1,9,1,9,1,9,1,9,1,9,1,9,1,9,1,9,1,9,1,9,1,9,1,9,1,9
qst_0110,basic,confluence,dsid_2e4183d040b341cf843366e2c15402af,2000,2000,2.311,0,,0,,0,,0,,0,,0,,0,,0,,0,,0,,1,110,1,110,1,110,1,110,1,110,1,110,1,110
qst_0111,basic,linear,dsid_bc47b415ef06458098e0c7a76a7e588c,2000,2000,2.342,1,1,1,1,1,1,1,1,1,1,1,1,1,1,1,1,1,1,1,1,1,1,1,1,1,1,1,1,1,1,1,1,1,1
qst_0112,basic,google_drive,dsid_d85fcb5f989b44f8a51723a07be79e45,2000,2000,3.097,0,,1,18,1,18,1,18,1,18,1,18,1,18,1,18,1,18,1,18,1,18,1,18,1,18,1,18,1,18,1,18,1,18
qst_0113,basic,linear,dsid_c53d4b486a1e485186a7e4b9d1c3f3ef,2000,2000,2.036,1,1,1,1,1,1,1,1,1,1,1,1,1,1,1,1,1,1,1,1,1,1,1,1,1,1,1,1,1,1,1,1,1,1
qst_0114,basic,gmail,dsid_ca11386edd264e5c841365093fedf640,2000,2000,3.532,1,2,1,2,1,2,1,2,1,2,1,2,1,2,1,2,1,2,1,2,1,2,1,2,1,2,1,2,1,2,1,2,1,2
qst_0115,basic,jira,dsid_b85f3628bbda46558141d3a935bce2c1,2000,2000,3.244,1,2,1,2,1,2,1,2,1,2,1,2,1,2,1,2,1,2,1,2,1,2,1,2,1,2,1,2,1,2,1,2,1,2
qst_0116,basic,google_drive,dsid_48b40afb54b84af28b13cebf017c0616,2000,2000,3.743,0,,0,,1,25,1,25,1,25,1,25,1,25,1,25,1,25,1,25,1,25,1,25,1,25,1,25,1,25,1,25,1,25
qst_0117,basic,confluence,dsid_40e1a761f7644c388c1bccb73d6bd427,2000,2000,2.615,1,1,1,1,1,1,1,1,1,1,1,1,1,1,1,1,1,1,1,1,1,1,1,1,1,1,1,1,1,1,1,1,1,1
qst_0118,basic,confluence,dsid_9a0982d498384adeb435a2b3938bfd76,2000,2000,3.347,1,1,1,1,1,1,1,1,1,1,1,1,1,1,1,1,1,1,1,1,1,1,1,1,1,1,1,1,1,1,1,1,1,1
qst_0119,basic,linear,dsid_1d6c84263b40491988b1e7e98ccf4559,2000,2000,3.406,1,1,1,1,1,1,1,1,1,1,1,1,1,1,1,1,1,1,1,1,1,1,1,1,1,1,1,1,1,1,1,1,1,1
qst_0120,basic,hubspot,dsid_cb58379b249f4e7dab5e716bbeb11b29,2000,2000,3.158,1,1,1,1,1,1,1,1,1,1,1,1,1,1,1,1,1,1,1,1,1,1,1,1,1,1,1,1,1,1,1,1,1,1
qst_0121,basic,fireflies,dsid_e3ae91c7f83f46e492209ffec2c7f2b8,2000,2000,3.636,0,,0,,0,,0,,0,,0,,0,,0,,0,,0,,0,,0,,0,,1,186,1,186,1,186,1,186
qst_0122,basic,google_drive,dsid_89e9c8a4822b471a8e132d6c2b188b80,2000,2000,2.317,1,1,1,1,1,1,1,1,1,1,1,1,1,1,1,1,1,1,1,1,1,1,1,1,1,1,1,1,1,1,1,1,1,1
qst_0123,basic,hubspot,dsid_b65f12db881f41dc9239fe044f4754dd,2000,2000,2.019,0,,1,11,1,11,1,11,1,11,1,11,1,11,1,11,1,11,1,11,1,11,1,11,1,11,1,11,1,11,1,11,1,11
qst_0124,basic,hubspot,dsid_30a16502953a4088b59266c8990d52d6,2000,2000,2.038,1,1,1,1,1,1,1,1,1,1,1,1,1,1,1,1,1,1,1,1,1,1,1,1,1,1,1,1,1,1,1,1,1,1
qst_0125,basic,github,dsid_302783937bc849ecb7ef7323233d1efe,2000,2000,3.154,1,2,1,2,1,2,1,2,1,2,1,2,1,2,1,2,1,2,1,2,1,2,1,2,1,2,1,2,1,2,1,2,1,2
qst_0126,basic,fireflies,dsid_912991a0a2ce4000a55b1f67bda8c3a3,2000,2000,2.161,1,1,1,1,1,1,1,1,1,1,1,1,1,1,1,1,1,1,1,1,1,1,1,1,1,1,1,1,1,1,1,1,1,1
qst_0127,basic,github,dsid_dc9df99fcfd64f5f89791781b699610c,2000,2000,2.355,1,3,1,3,1,3,1,3,1,3,1,3,1,3,1,3,1,3,1,3,1,3,1,3,1,3,1,3,1,3,1,3,1,3
qst_0128,basic,confluence,dsid_319db001cae246bbbb16f441b64d9b82,2000,2000,2.413,0,,0,,0,,0,,0,,1,60,1,60,1,60,1,60,1,60,1,60,1,60,1,60,1,60,1,60,1,60,1,60
qst_0129,basic,jira,dsid_6952f7cb64304c04bdf72562e5154724,2000,2000,2.292,1,1,1,1,1,1,1,1,1,1,1,1,1,1,1,1,1,1,1,1,1,1,1,1,1,1,1,1,1,1,1,1,1,1
qst_0130,basic,hubspot,dsid_7e3d8cd8246142a0b803eddffbeaed87,2000,2000,1.734,1,1,1,1,1,1,1,1,1,1,1,1,1,1,1,1,1,1,1,1,1,1,1,1,1,1,1,1,1,1,1,1,1,1
qst_0131,basic,hubspot,dsid_e9dd560753924c1e8438cdf9c2afcf68,2000,2000,2.657,0,,0,,0,,1,32,1,32,1,32,1,32,1,32,1,32,1,32,1,32,1,32,1,32,1,32,1,32,1,32,1,32
qst_0132,basic,jira,dsid_d8a18c9f03de414faeacfda3ad53e315,2000,2000,2.265,1,1,1,1,1,1,1,1,1,1,1,1,1,1,1,1,1,1,1,1,1,1,1,1,1,1,1,1,1,1,1,1,1,1
qst_0133,basic,google_drive,dsid_ae7131f5d64f4f37af677f702dc60d2b,2000,2000,2.521,1,3,1,3,1,3,1,3,1,3,1,3,1,3,1,3,1,3,1,3,1,3,1,3,1,3,1,3,1,3,1,3,1,3
qst_0134,basic,google_drive,dsid_b9542668ae9b4163a932e4d16d26cd42,2000,2000,3.096,1,3,1,3,1,3,1,3,1,3,1,3,1,3,1,3,1,3,1,3,1,3,1,3,1,3,1,3,1,3,1,3,1,3
qst_0135,basic,jira,dsid_63a1c6c12e1e4d9cae67056673633192,2000,2000,3.291,1,1,1,1,1,1,1,1,1,1,1,1,1,1,1,1,1,1,1,1,1,1,1,1,1,1,1,1,1,1,1,1,1,1
qst_0136,basic,jira,dsid_9619c1f3ff3c4626a2bd029e907e1f76,2000,2000,2.073,1,2,1,2,1,2,1,2,1,2,1,2,1,2,1,2,1,2,1,2,1,2,1,2,1,2,1,2,1,2,1,2,1,2
qst_0137,basic,hubspot,dsid_398e6e782364403a9fcfc73cac68ac5c,2000,2000,2.164,1,1,1,1,1,1,1,1,1,1,1,1,1,1,1,1,1,1,1,1,1,1,1,1,1,1,1,1,1,1,1,1,1,1
qst_0138,basic,hubspot,dsid_db931dec10bf4b10829175533605aa0f,2000,2000,2.158,0,,0,,0,,0,,0,,0,,0,,0,,0,,0,,0,,0,,0,,0,,0,,1,611,1,611
qst_0139,basic,hubspot,dsid_9f92a42dc8d24c93a0a696a0727063b9,2000,2000,2.41,0,,0,,0,,0,,0,,0,,0,,1,78,1,78,1,78,1,78,1,78,1,78,1,78,1,78,1,78,1,78
qst_0140,basic,github,dsid_aa532b5a3c634229b9a068654b945c6c,2000,2000,2.467,1,3,1,3,1,3,1,3,1,3,1,3,1,3,1,3,1,3,1,3,1,3,1,3,1,3,1,3,1,3,1,3,1,3
qst_0141,basic,google_drive,dsid_acc33ff059404020b0ff26e19ad2b107,2000,2000,2.988,1,5,1,5,1,5,1,5,1,5,1,5,1,5,1,5,1,5,1,5,1,5,1,5,1,5,1,5,1,5,1,5,1,5
qst_0142,basic,confluence,dsid_06464e95b7cc44de8a9677f3260c336e,2000,2000,2.233,0,,0,,0,,0,,0,,0,,0,,0,,0,,0,,0,,0,,0,,1,194,1,194,1,194,1,194
qst_0143,basic,slack,dsid_826b680a80e74a1a81273f1dbeb0d3d8,2000,2000,2.255,1,3,1,3,1,3,1,3,1,3,1,3,1,3,1,3,1,3,1,3,1,3,1,3,1,3,1,3,1,3,1,3,1,3
qst_0144,basic,slack,dsid_a227a7f316c4452eab4c05567edb9404,2000,2000,2.245,0,,0,,0,,0,,0,,0,,0,,0,,0,,0,,0,,0,,0,,0,,0,,1,560,1,560
qst_0145,basic,gmail,dsid_182c34ee62c54118b48c1390e77cd3ba,2000,2000,2.405,1,1,1,1,1,1,1,1,1,1,1,1,1,1,1,1,1,1,1,1,1,1,1,1,1,1,1,1,1,1,1,1,1,1
qst_0146,basic,github,dsid_7764c4d15ed141ecbeaaecf606098288,2000,2000,2.581,1,1,1,1,1,1,1,1,1,1,1,1,1,1,1,1,1,1,1,1,1,1,1,1,1,1,1,1,1,1,1,1,1,1
qst_0147,basic,github,dsid_cc9fd576760d4a058a896155657eff06,2000,2000,2.369,0,,0,,0,,0,,1,44,1,44,1,44,1,44,1,44,1,44,1,44,1,44,1,44,1,44,1,44,1,44,1,44
qst_0148,basic,github,dsid_707ad933d7fd447197439ed606abfb26,2000,2000,2.261,1,1,1,1,1,1,1,1,1,1,1,1,1,1,1,1,1,1,1,1,1,1,1,1,1,1,1,1,1,1,1,1,1,1
qst_0149,basic,slack,dsid_42c3e2d70229415d82cac2f9b795bf1d,2000,2000,2.309,1,1,1,1,1,1,1,1,1,1,1,1,1,1,1,1,1,1,1,1,1,1,1,1,1,1,1,1,1,1,1,1,1,1
qst_0150,basic,confluence,dsid_5af1ed23fd2a4bb3984ec368d0e3b23e,2000,2000,2.25,0,,0,,0,,0,,0,,0,,0,,0,,0,,0,,0,,0,,0,,0,,0,,0,,0,
qst_0151,basic,jira,dsid_259d17a11ddc4e28b559aa9fb1111270,2000,2000,2.392,1,1,1,1,1,1,1,1,1,1,1,1,1,1,1,1,1,1,1,1,1,1,1,1,1,1,1,1,1,1,1,1,1,1
qst_0152,basic,slack,dsid_f608b4d739f240c0b56d4d4b151b8cd3,2000,2000,2.23,1,1,1,1,1,1,1,1,1,1,1,1,1,1,1,1,1,1,1,1,1,1,1,1,1,1,1,1,1,1,1,1,1,1
qst_0153,basic,slack,dsid_9a3def814b274050b3d834a66deeb1b5,2000,2000,2.005,0,,0,,0,,0,,0,,0,,0,,0,,0,,0,,1,107,1,107,1,107,1,107,1,107,1,107,1,107
qst_0154,basic,slack,dsid_993a77869d244d36972f5efc39dbc59a,2000,2000,2.267,1,1,1,1,1,1,1,1,1,1,1,1,1,1,1,1,1,1,1,1,1,1,1,1,1,1,1,1,1,1,1,1,1,1
qst_0155,basic,google_drive,dsid_cb89198715bc4be5b363a0d052f9407b,2000,2000,2.514,1,1,1,1,1,1,1,1,1,1,1,1,1,1,1,1,1,1,1,1,1,1,1,1,1,1,1,1,1,1,1,1,1,1
qst_0156,basic,fireflies,dsid_9c63777c789c4f7db9e391024dd887ae,2000,2000,2.392,1,1,1,1,1,1,1,1,1,1,1,1,1,1,1,1,1,1,1,1,1,1,1,1,1,1,1,1,1,1,1,1,1,1
qst_0157,basic,jira,dsid_ccaf626687b940f3a7309e09c1ed5c1b,2000,2000,2.044,1,1,1,1,1,1,1,1,1,1,1,1,1,1,1,1,1,1,1,1,1,1,1,1,1,1,1,1,1,1,1,1,1,1
qst_0158,basic,linear,dsid_ef18282e01d7410a8dc142d4ad0b7bd2,2000,2000,2.272,1,2,1,2,1,2,1,2,1,2,1,2,1,2,1,2,1,2,1,2,1,2,1,2,1,2,1,2,1,2,1,2,1,2
qst_0159,basic,slack,dsid_3ab4d00190a1485da19d929f9f71bb5a,2000,2000,2.222,1,4,1,4,1,4,1,4,1,4,1,4,1,4,1,4,1,4,1,4,1,4,1,4,1,4,1,4,1,4,1,4,1,4
qst_0160,basic,github,dsid_c84c8581594e47d49e82d024a6da915d,2000,2000,2.735,1,1,1,1,1,1,1,1,1,1,1,1,1,1,1,1,1,1,1,1,1,1,1,1,1,1,1,1,1,1,1,1,1,1
qst_0161,basic,github,dsid_2fb08b7571444bdf894607549642498f,2000,2000,2.298,1,1,1,1,1,1,1,1,1,1,1,1,1,1,1,1,1,1,1,1,1,1,1,1,1,1,1,1,1,1,1,1,1,1
qst_0162,basic,linear,dsid_a3fdfc45905f46f3988ad13f55ecce93,2000,2000,2.306,1,2,1,2,1,2,1,2,1,2,1,2,1,2,1,2,1,2,1,2,1,2,1,2,1,2,1,2,1,2,1,2,1,2
qst_0163,basic,linear,dsid_f26abd197dd24e2599bb353af3a00ff0,2000,2000,3.719,1,1,1,1,1,1,1,1,1,1,1,1,1,1,1,1,1,1,1,1,1,1,1,1,1,1,1,1,1,1,1,1,1,1
qst_0164,basic,google_drive,dsid_5c05d2a74c484906852925d1cf1daa70,2000,2000,2.089,1,1,1,1,1,1,1,1,1,1,1,1,1,1,1,1,1,1,1,1,1,1,1,1,1,1,1,1,1,1,1,1,1,1
qst_0165,basic,gmail,dsid_614b42d654ba42e1abaa5163da75bc13,2000,2000,2.312,0,,0,,0,,0,,0,,0,,0,,0,,0,,0,,0,,1,136,1,136,1,136,1,136,1,136,1,136
qst_0166,basic,gmail,dsid_10d018b9cd334ababafa960517492a77,2000,2000,2.876,1,1,1,1,1,1,1,1,1,1,1,1,1,1,1,1,1,1,1,1,1,1,1,1,1,1,1,1,1,1,1,1,1,1
qst_0167,basic,github,dsid_9d1624818a004c53b3b7020412275cc0,2000,2000,1.886,0,,0,,0,,0,,0,,0,,0,,0,,0,,0,,0,,0,,0,,1,186,1,186,1,186,1,186
qst_0168,basic,github,dsid_9ad34d10c60a4c88931642a247aeb063,2000,2000,3.115,1,8,1,8,1,8,1,8,1,8,1,8,1,8,1,8,1,8,1,8,1,8,1,8,1,8,1,8,1,8,1,8,1,8
qst_0169,basic,google_drive,dsid_acaf490041914b5bb3c275eaf13c3501,2000,2000,2.201,1,1,1,1,1,1,1,1,1,1,1,1,1,1,1,1,1,1,1,1,1,1,1,1,1,1,1,1,1,1,1,1,1,1
qst_0170,basic,hubspot,dsid_f8529277bd964d6086d49ca2a30c9ac7,2000,2000,1.923,0,,0,,0,,0,,0,,0,,1,68,1,68,1,68,1,68,1,68,1,68,1,68,1,68,1,68,1,68,1,68
qst_0171,basic,jira,dsid_21486610d7314d84980518cb355b6a97,2000,2000,1.971,1,1,1,1,1,1,1,1,1,1,1,1,1,1,1,1,1,1,1,1,1,1,1,1,1,1,1,1,1,1,1,1,1,1
qst_0172,basic,slack,dsid_d680e052f220485eb985434b56f20ba2,2000,2000,2.263,1,2,1,2,1,2,1,2,1,2,1,2,1,2,1,2,1,2,1,2,1,2,1,2,1,2,1,2,1,2,1,2,1,2
qst_0173,basic,slack,dsid_0767a662eacd463aaf0935750dba509e,2000,2000,2.208,0,,0,,0,,0,,0,,0,,0,,0,,0,,0,,0,,0,,0,,0,,0,,0,,0,
qst_0174,basic,confluence,dsid_04b24bf957c047f4b7d8ceefdfde8290,2000,2000,3.174,1,9,1,9,1,9,1,9,1,9,1,9,1,9,1,9,1,9,1,9,1,9,1,9,1,9,1,9,1,9,1,9,1,9
qst_0175,basic,linear,dsid_f02a338c2dd546b3b025b5d5d429ad4e,2000,2000,1.751,1,1,1,1,1,1,1,1,1,1,1,1,1,1,1,1,1,1,1,1,1,1,1,1,1,1,1,1,1,1,1,1,1,1
qst_0176,semantic,slack,dsid_45e2a8ccc16c4c048894f98c6cd8833c,2000,2000,2.249,1,3,1,3,1,3,1,3,1,3,1,3,1,3,1,3,1,3,1,3,1,3,1,3,1,3,1,3,1,3,1,3,1,3
qst_0177,semantic,gmail,dsid_7d925287f5224f72b641acbd515beb2a,2000,2000,3.114,0,,0,,0,,0,,1,48,1,48,1,48,1,48,1,48,1,48,1,48,1,48,1,48,1,48,1,48,1,48,1,48
qst_0178,semantic,github,dsid_22a7e9af2760474dbdf611c2c21cd231,2000,2000,2.543,0,,0,,0,,0,,0,,0,,0,,0,,0,,0,,0,,0,,0,,0,,1,280,1,280,1,280
qst_0179,semantic,jira,dsid_a0f25cffcb264f0ea6eba5e501de0e08,2000,2000,2.195,0,,0,,1,30,1,30,1,30,1,30,1,30,1,30,1,30,1,30,1,30,1,30,1,30,1,30,1,30,1,30,1,30
qst_0180,semantic,github,dsid_730ed8ee5fc84e0b9be761003b9a60d3,2000,2000,2.266,0,,0,,1,27,1,27,1,27,1,27,1,27,1,27,1,27,1,27,1,27,1,27,1,27,1,27,1,27,1,27,1,27
qst_0181,semantic,jira,dsid_8f80516053a24beba08e603cb1831dd6,2000,2000,2.204,1,7,1,7,1,7,1,7,1,7,1,7,1,7,1,7,1,7,1,7,1,7,1,7,1,7,1,7,1,7,1,7,1,7
qst_0182,semantic,linear,dsid_d9ca33382713461aa726403f8ff7dea0,2000,2000,3.171,0,,0,,0,,0,,0,,1,52,1,52,1,52,1,52,1,52,1,52,1,52,1,52,1,52,1,52,1,52,1,52
qst_0183,semantic,confluence,dsid_693c023c88264795a7e98c7737e6459e,2000,2000,3.103,0,,0,,0,,0,,0,,0,,0,,0,,0,,0,,0,,0,,0,,0,,1,288,1,288,1,288
qst_0184,semantic,gmail,dsid_74cd6ebda84547e2a534f8f6d1b49739,2000,2000,3.221,0,,0,,0,,0,,0,,0,,0,,0,,0,,0,,0,,0,,0,,0,,1,449,1,449,1,449
qst_0185,semantic,slack,dsid_be67d91a95e24fe690cba692cb1762c6,2000,2000,3.118,0,,0,,0,,0,,0,,0,,0,,1,78,1,78,1,78,1,78,1,78,1,78,1,78,1,78,1,78,1,78
qst_0186,semantic,google_drive,dsid_0ae9b752fef446ec86e376e2dea49c28,2000,2000,3.241,0,,1,20,1,20,1,20,1,20,1,20,1,20,1,20,1,20,1,20,1,20,1,20,1,20,1,20,1,20,1,20,1,20
qst_0187,semantic,linear,dsid_a27715e7309c494d812c75cf03bcf916,2000,2000,3.071,0,,0,,0,,0,,0,,0,,0,,0,,0,,0,,0,,0,,0,,0,,1,347,1,347,1,347
qst_0188,semantic,gmail,dsid_cf6a4a313c144536a3cfd09f6a9ee12a,2000,2000,2.036,0,,0,,0,,0,,0,,0,,0,,1,73,1,73,1,73,1,73,1,73,1,73,1,73,1,73,1,73,1,73
qst_0189,semantic,github,dsid_5d54f5f89bbc48a5b06b8dead39729b3,2000,2000,3.292,0,,0,,0,,0,,1,41,1,41,1,41,1,41,1,41,1,41,1,41,1,41,1,41,1,41,1,41,1,41,1,41
qst_0190,semantic,confluence,dsid_b02e6ce0d9814b35af846c309c25e551,2000,2000,2.303,0,,0,,0,,0,,0,,0,,0,,0,,0,,0,,0,,0,,0,,0,,0,,1,634,1,634
qst_0191,semantic,jira,dsid_ef7f1d5cba204b728e1f4d7cddda7daa,2000,2000,3.326,1,1,1,1,1,1,1,1,1,1,1,1,1,1,1,1,1,1,1,1,1,1,1,1,1,1,1,1,1,1,1,1,1,1
qst_0192,semantic,github,dsid_a193f9b7483248ad86c52e684d98a760,2000,2000,2.645,1,5,1,5,1,5,1,5,1,5,1,5,1,5,1,5,1,5,1,5,1,5,1,5,1,5,1,5,1,5,1,5,1,5
qst_0193,semantic,gmail,dsid_942ffdd8280a4cb893aca73dcb376ee5,2000,2000,2.077,0,,0,,1,26,1,26,1,26,1,26,1,26,1,26,1,26,1,26,1,26,1,26,1,26,1,26,1,26,1,26,1,26
qst_0194,semantic,jira,dsid_0c8ea3b2a7fd4392b1f480fe5f0c4725,2000,2000,3.301,1,1,1,1,1,1,1,1,1,1,1,1,1,1,1,1,1,1,1,1,1,1,1,1,1,1,1,1,1,1,1,1,1,1
qst_0195,semantic,google_drive,dsid_de82a5f7140142f89781f2bf2d56cdca,2000,2000,3.391,0,,0,,0,,0,,0,,0,,0,,0,,0,,0,,0,,0,,0,,0,,0,,0,,1,887
qst_0196,semantic,google_drive,dsid_3413f1905a0740d88b66c196b54f4df5,2000,2000,2.459,1,1,1,1,1,1,1,1,1,1,1,1,1,1,1,1,1,1,1,1,1,1,1,1,1,1,1,1,1,1,1,1,1,1
qst_0197,semantic,confluence,dsid_25b0de9bfa854d3c9acfa961555c9d45,2000,2000,3.016,0,,1,20,1,20,1,20,1,20,1,20,1,20,1,20,1,20,1,20,1,20,1,20,1,20,1,20,1,20,1,20,1,20
qst_0198,semantic,jira,dsid_3ac2c680a56a44e39ddcfd257804de28,2000,2000,2.552,1,8,1,8,1,8,1,8,1,8,1,8,1,8,1,8,1,8,1,8,1,8,1,8,1,8,1,8,1,8,1,8,1,8
qst_0199,semantic,google_drive,dsid_88f1c9800dd54a75bad05653b7f07a93,2000,2000,2.504,0,,1,11,1,11,1,11,1,11,1,11,1,11,1,11,1,11,1,11,1,11,1,11,1,11,1,11,1,11,1,11,1,11
qst_0200,semantic,google_drive,dsid_eab7ef95052c4016aff7a3df422131f0,2000,2000,3.591,0,,1,20,1,20,1,20,1,20,1,20,1,20,1,20,1,20,1,20,1,20,1,20,1,20,1,20,1,20,1,20,1,20
qst_0201,semantic,slack,dsid_96e315a4f8644c8bbafe05c2e0c0b775,2000,2000,2.293,0,,0,,0,,0,,0,,0,,0,,0,,0,,0,,0,,0,,0,,0,,0,,0,,0,
qst_0202,semantic,hubspot,dsid_1faf80f5afa8490ea64c77c7cb2fdf8f,2000,2000,1.976,1,1,1,1,1,1,1,1,1,1,1,1,1,1,1,1,1,1,1,1,1,1,1,1,1,1,1,1,1,1,1,1,1,1
qst_0203,semantic,jira,dsid_3d745c88c7e4426c9548350824f0d9b8,2000,2000,3.125,1,7,1,7,1,7,1,7,1,7,1,7,1,7,1,7,1,7,1,7,1,7,1,7,1,7,1,7,1,7,1,7,1,7
qst_0204,semantic,hubspot,dsid_a45c07f3daaf47c18b7bc75d3cbf2112,2000,2000,1.916,0,,0,,0,,0,,0,,0,,0,,0,,0,,0,,0,,0,,1,167,1,167,1,167,1,167,1,167
qst_0205,semantic,slack,dsid_af49172aba97474aa215a460a817a2f7,2000,2000,3.325,1,3,1,3,1,3,1,3,1,3,1,3,1,3,1,3,1,3,1,3,1,3,1,3,1,3,1,3,1,3,1,3,1,3
qst_0206,semantic,gmail,dsid_4842bf4dbbd84d60830cf3e9704fb203,2000,2000,3.377,0,,0,,0,,0,,0,,0,,0,,0,,0,,0,,0,,0,,0,,0,,0,,1,519,1,519
qst_0207,semantic,github,dsid_1653d1ed11a1403ca8e44bef03a610a9,2000,2000,2.291,0,,0,,0,,0,,0,,0,,0,,0,,0,,0,,0,,0,,0,,0,,0,,0,,0,
qst_0208,semantic,hubspot,dsid_c336dcdf965d44b0bcf4c8e3930af440,2000,2000,2.324,1,1,1,1,1,1,1,1,1,1,1,1,1,1,1,1,1,1,1,1,1,1,1,1,1,1,1,1,1,1,1,1,1,1
qst_0209,semantic,hubspot,dsid_51183030e764419caca09cfe647048e7,2000,2000,1.914,0,,0,,0,,1,37,1,37,1,37,1,37,1,37,1,37,1,37,1,37,1,37,1,37,1,37,1,37,1,37,1,37
qst_0210,semantic,confluence,dsid_b4bd83b46612452e858bc02b380082e2,2000,2000,2.451,0,,0,,0,,0,,0,,0,,0,,0,,0,,0,,1,115,1,115,1,115,1,115,1,115,1,115,1,115
qst_0211,semantic,jira,dsid_23438eef0a4c47f1a8921f4a74353a2b,2000,2000,2.309,1,1,1,1,1,1,1,1,1,1,1,1,1,1,1,1,1,1,1,1,1,1,1,1,1,1,1,1,1,1,1,1,1,1
qst_0212,semantic,google_drive,dsid_5085c9f4b4484f298dabd02c99d9ce03,2000,2000,3.303,0,,0,,0,,0,,0,,0,,0,,0,,0,,0,,0,,0,,0,,0,,1,339,1,339,1,339
qst_0213,semantic,hubspot,dsid_ad14c3cb06c4494093dfcfff5098d89d,2000,2000,2.164,1,1,1,1,1,1,1,1,1,1,1,1,1,1,1,1,1,1,1,1,1,1,1,1,1,1,1,1,1,1,1,1,1,1
qst_0214,semantic,linear,dsid_303196c831af4d1bb38a1e2546228a09,2000,2000,2.888,1,8,1,8,1,8,1,8,1,8,1,8,1,8,1,8,1,8,1,8,1,8,1,8,1,8,1,8,1,8,1,8,1,8
qst_0215,semantic,jira,dsid_a56c6ba5a2094d8b83c6c70d025d940e,2000,2000,2.018,1,8,1,8,1,8,1,8,1,8,1,8,1,8,1,8,1,8,1,8,1,8,1,8,1,8,1,8,1,8,1,8,1,8
qst_0216,semantic,confluence,dsid_c175ab6b52fe4226baac85697c562c7d,2000,2000,3.172,0,,1,17,1,17,1,17,1,17,1,17,1,17,1,17,1,17,1,17,1,17,1,17,1,17,1,17,1,17,1,17,1,17
qst_0217,semantic,jira,dsid_84a6d354dca5476b85a34c38d4edfa14,2000,2000,3.448,1,3,1,3,1,3,1,3,1,3,1,3,1,3,1,3,1,3,1,3,1,3,1,3,1,3,1,3,1,3,1,3,1,3
qst_0218,semantic,linear,dsid_462ab0251b704d878310f53e13d6f515,2000,2000,2.779,0,,0,,0,,1,37,1,37,1,37,1,37,1,37,1,37,1,37,1,37,1,37,1,37,1,37,1,37,1,37,1,37
qst_0219,semantic,gmail,dsid_b395ebb516614698bcd038cdb7933d4b,2000,2000,2.584,0,,0,,0,,0,,0,,0,,0,,0,,0,,0,,0,,0,,0,,0,,1,205,1,205,1,205
qst_0220,semantic,slack,dsid_72b2bd3c2a094fdca6d5f3187a752c24,2000,2000,3.24,0,,0,,0,,0,,0,,0,,0,,0,,0,,0,,0,,0,,0,,0,,0,,0,,0,
qst_0221,semantic,confluence,dsid_5323aeb9f89042c9a62505d409c4d94a,2000,2000,2.149,0,,0,,0,,0,,0,,0,,0,,0,,0,,0,,0,,0,,0,,0,,0,,0,,0,
qst_0222,semantic,confluence,dsid_36d7605113204cdca94405cb30fc2c10,2000,2000,3.254,1,4,1,4,1,4,1,4,1,4,1,4,1,4,1,4,1,4,1,4,1,4,1,4,1,4,1,4,1,4,1,4,1,4
qst_0223,semantic,jira,dsid_62ff534dc35a425896b265216f94f69a,2000,2000,2.533,1,1,1,1,1,1,1,1,1,1,1,1,1,1,1,1,1,1,1,1,1,1,1,1,1,1,1,1,1,1,1,1,1,1
qst_0224,semantic,slack,dsid_96088536cbcc449eb676e94bf800486a,2000,2000,3.229,0,,0,,0,,0,,0,,0,,0,,0,,0,,0,,0,,0,,0,,0,,0,,0,,0,
qst_0225,semantic,google_drive,dsid_d295b7207fec4a6fb656f3e2a565d4e6,2000,2000,2.946,1,5,1,5,1,5,1,5,1,5,1,5,1,5,1,5,1,5,1,5,1,5,1,5,1,5,1,5,1,5,1,5,1,5
qst_0226,semantic,slack,dsid_09cfdc4bec864c209affc45969e80012,2000,2000,2.388,1,3,1,3,1,3,1,3,1,3,1,3,1,3,1,3,1,3,1,3,1,3,1,3,1,3,1,3,1,3,1,3,1,3
qst_0227,semantic,gmail,dsid_618649e367d24a1eb3bdcacc0a2d7da7,2000,2000,3.463,1,1,1,1,1,1,1,1,1,1,1,1,1,1,1,1,1,1,1,1,1,1,1,1,1,1,1,1,1,1,1,1,1,1
qst_0228,semantic,jira,dsid_e20c31eb5466411ab6c7be17d08d02f5,2000,2000,2.625,1,1,1,1,1,1,1,1,1,1,1,1,1,1,1,1,1,1,1,1,1,1,1,1,1,1,1,1,1,1,1,1,1,1
qst_0229,semantic,slack,dsid_38963978d7944613855e7413fa3a3838,2000,2000,2.134,0,,0,,1,28,1,28,1,28,1,28,1,28,1,28,1,28,1,28,1,28,1,28,1,28,1,28,1,28,1,28,1,28
qst_0230,semantic,github,dsid_7d7a89d91c3d4c1c854cc513e76316aa,2000,2000,2.207,0,,1,15,1,15,1,15,1,15,1,15,1,15,1,15,1,15,1,15,1,15,1,15,1,15,1,15,1,15,1,15,1,15
qst_0231,semantic,gmail,dsid_5f46d65ae298435889c524bf559f4948,2000,2000,3.871,0,,0,,0,,0,,0,,0,,0,,0,,0,,0,,0,,0,,0,,0,,1,372,1,372,1,372
qst_0232,semantic,github,dsid_b253f5cc715f4d47bdd578edd6f2f19e,2000,2000,2.726,0,,0,,0,,0,,0,,0,,0,,0,,0,,0,,0,,0,,0,,0,,0,,0,,1,817
qst_0233,semantic,google_drive,dsid_426b86ef54164d9f8d7972acc3e2fefa,2000,2000,3.644,1,3,1,3,1,3,1,3,1,3,1,3,1,3,1,3,1,3,1,3,1,3,1,3,1,3,1,3,1,3,1,3,1,3
qst_0234,semantic,confluence,dsid_ad58457891774bd7ba480e0bcd13df3a,2000,2000,2.26,0,,0,,0,,0,,0,,0,,0,,0,,0,,0,,0,,0,,0,,0,,1,359,1,359,1,359
qst_0235,semantic,gmail,dsid_590dd1330a4046e28ac0a2f43b7910cc,2000,2000,2.265,0,,0,,0,,0,,0,,0,,0,,0,,0,,0,,1,102,1,102,1,102,1,102,1,102,1,102,1,102
qst_0236,semantic,confluence,dsid_189583d1a5ed4513a4d709a037098a24,2000,2000,3.379,0,,1,13,1,13,1,13,1,13,1,13,1,13,1,13,1,13,1,13,1,13,1,13,1,13,1,13,1,13,1,13,1,13
qst_0237,semantic,gmail,dsid_972d8c39ddf54536bb62bae1c8bbe881,2000,2000,2.695,1,5,1,5,1,5,1,5,1,5,1,5,1,5,1,5,1,5,1,5,1,5,1,5,1,5,1,5,1,5,1,5,1,5
qst_0238,semantic,google_drive,dsid_e528bed025b44f71bc37a54f5a9aefcd,2000,2000,2.967,0,,1,14,1,14,1,14,1,14,1,14,1,14,1,14,1,14,1,14,1,14,1,14,1,14,1,14,1,14,1,14,1,14
qst_0239,semantic,hubspot,dsid_ef492479c7dc4a3c9dd55d6771e5df54,2000,2000,2.277,1,1,1,1,1,1,1,1,1,1,1,1,1,1,1,1,1,1,1,1,1,1,1,1,1,1,1,1,1,1,1,1,1,1
qst_0240,semantic,linear,dsid_5402831508734a51adf649603be4b075,2000,2000,3.609,0,,0,,0,,0,,0,,0,,1,70,1,70,1,70,1,70,1,70,1,70,1,70,1,70,1,70,1,70,1,70
qst_0241,semantic,jira,dsid_1ffa3f05e342408382daa57107ec4297,2000,2000,3.195,1,3,1,3,1,3,1,3,1,3,1,3,1,3,1,3,1,3,1,3,1,3,1,3,1,3,1,3,1,3,1,3,1,3
qst_0242,semantic,fireflies,dsid_3fc14ed9048e4e1f861e0632b06fc39b,2000,2000,2.855,0,,0,,0,,0,,0,,0,,0,,0,,0,,0,,0,,0,,0,,0,,0,,0,,0,
qst_0243,semantic,github,dsid_908e8464927742829dcdfe0c6165299b,2000,2000,2.816,0,,0,,0,,0,,0,,0,,0,,0,,0,,0,,1,106,1,106,1,106,1,106,1,106,1,106,1,106
qst_0244,semantic,jira,dsid_37c24c697d9d462fad0e3afeeea9d8c0,2000,2000,2.998,1,7,1,7,1,7,1,7,1,7,1,7,1,7,1,7,1,7,1,7,1,7,1,7,1,7,1,7,1,7,1,7,1,7
qst_0245,semantic,hubspot,dsid_d79518c427654533a01173792f51f986,2000,2000,2.112,1,3,1,3,1,3,1,3,1,3,1,3,1,3,1,3,1,3,1,3,1,3,1,3,1,3,1,3,1,3,1,3,1,3
qst_0246,semantic,github,dsid_6f0be39ff1ae49c19ce0662bdd6de352,2000,2000,3.401,0,,0,,1,21,1,21,1,21,1,21,1,21,1,21,1,21,1,21,1,21,1,21,1,21,1,21,1,21,1,21,1,21
qst_0247,semantic,fireflies,dsid_cc2f84330d014d03b8c49f8e92063b07,2000,2000,2.713,0,,0,,0,,0,,0,,0,,0,,0,,0,,0,,0,,0,,0,,0,,0,,1,627,1,627
qst_0248,semantic,confluence,dsid_0a2cd37d53ff47d4aced289cd9a76fe8,2000,2000,2.362,0,,0,,0,,0,,0,,0,,0,,0,,0,,0,,0,,0,,0,,0,,0,,1,555,1,555
qst_0249,semantic,slack,dsid_68650923209a49918491e54f4d4ab329,2000,2000,3.094,0,,0,,0,,0,,0,,0,,0,,0,,0,,0,,1,105,1,105,1,105,1,105,1,105,1,105,1,105
qst_0250,semantic,gmail,dsid_3b1c14ab4cc647369b783b7abdfc32f3,2000,2000,3.015,0,,0,,0,,0,,0,,0,,1,68,1,68,1,68,1,68,1,68,1,68,1,68,1,68,1,68,1,68,1,68
qst_0251,semantic,hubspot,dsid_a15c0247e9de4e128293bd820fc4c659,2000,2000,2.291,0,,0,,0,,0,,0,,0,,0,,0,,0,,0,,0,,0,,0,,0,,0,,0,,0,
qst_0252,semantic,confluence,dsid_01eaeaf6045941beaeaf74e6170aceea,2000,2000,3.553,0,,0,,0,,0,,0,,0,,0,,0,,0,,0,,0,,0,,0,,0,,1,250,1,250,1,250
qst_0253,semantic,hubspot,dsid_1a4563b5332f41a499464ea69f92c9b0,2000,2000,2.333,0,,1,17,1,17,1,17,1,17,1,17,1,17,1,17,1,17,1,17,1,17,1,17,1,17,1,17,1,17,1,17,1,17
qst_0254,semantic,hubspot,dsid_5d161fbc61f94eaeb6098a9f9275d38f,2000,2000,1.939,0,,0,,0,,0,,0,,0,,0,,0,,0,,0,,0,,0,,1,173,1,173,1,173,1,173,1,173
qst_0255,semantic,gmail,dsid_97750eeb49894690aa3d425669af4de0,2000,2000,2.137,0,,0,,0,,0,,0,,0,,0,,0,,0,,1,100,1,100,1,100,1,100,1,100,1,100,1,100,1,100
qst_0256,semantic,jira,dsid_df40f9a66b914f29839322d19f8922bb,2000,2000,2.438,0,,0,,0,,0,,0,,0,,0,,0,,0,,0,,0,,0,,0,,1,196,1,196,1,196,1,196
qst_0257,semantic,gmail,dsid_c563b97cd7314d1396553dfd8034e819,2000,2000,2.59,0,,0,,0,,0,,0,,0,,0,,0,,1,90,1,90,1,90,1,90,1,90,1,90,1,90,1,90,1,90
qst_0258,semantic,jira,dsid_019864ee09fa428e919e9a0de11ca467,2000,2000,2.728,0,,0,,0,,0,,0,,1,52,1,52,1,52,1,52,1,52,1,52,1,52,1,52,1,52,1,52,1,52,1,52
qst_0259,semantic,confluence,dsid_fc009de77554459b89e6b4340e8eca82,2000,2000,2.837,0,,0,,0,,0,,0,,0,,0,,0,,0,,0,,0,,0,,0,,0,,1,305,1,305,1,305
qst_0260,semantic,fireflies,dsid_9bf09a549d22494c9672ecdd79896878,2000,2000,2.902,1,6,1,6,1,6,1,6,1,6,1,6,1,6,1,6,1,6,1,6,1,6,1,6,1,6,1,6,1,6,1,6,1,6
qst_0261,semantic,github,dsid_fa1c733deb77445da7bc55dc472d233d,2000,2000,3.34,0,,1,12,1,12,1,12,1,12,1,12,1,12,1,12,1,12,1,12,1,12,1,12,1,12,1,12,1,12,1,12,1,12
qst_0262,semantic,jira,dsid_b87d81a8f52646f98e614d2a6394d7a3,2000,2000,2.992,0,,1,16,1,16,1,16,1,16,1,16,1,16,1,16,1,16,1,16,1,16,1,16,1,16,1,16,1,16,1,16,1,16
qst_0263,semantic,linear,dsid_061c09d8eef649eba85cd1421e28a41a,2000,2000,3.28,0,,0,,0,,0,,0,,0,,0,,0,,0,,0,,0,,0,,0,,1,191,1,191,1,191,1,191
qst_0264,semantic,gmail,dsid_f09cf2d633174b7ab7105ef0a7498e74,2000,2000,3.128,1,1,1,1,1,1,1,1,1,1,1,1,1,1,1,1,1,1,1,1,1,1,1,1,1,1,1,1,1,1,1,1,1,1
qst_0265,semantic,jira,dsid_876b1a31bcc7409ab560b9ccbe5a0d41,2000,2000,3.539,1,1,1,1,1,1,1,1,1,1,1,1,1,1,1,1,1,1,1,1,1,1,1,1,1,1,1,1,1,1,1,1,1,1
qst_0266,semantic,github,dsid_415b72b7d40a405e87b9671946e894d8,2000,2000,2.143,0,,0,,0,,0,,0,,0,,0,,0,,0,,0,,0,,0,,0,,0,,1,237,1,237,1,237
qst_0267,semantic,slack,dsid_0aebc4d1e7264c6c90136b6b780a0c67,2000,2000,3.12,0,,0,,0,,0,,0,,0,,0,,0,,0,,0,,0,,0,,0,,0,,0,,0,,0,
qst_0268,semantic,jira,dsid_a990e708840f481795741cfd3fb55691,2000,2000,2.723,0,,1,11,1,11,1,11,1,11,1,11,1,11,1,11,1,11,1,11,1,11,1,11,1,11,1,11,1,11,1,11,1,11
qst_0269,semantic,linear,dsid_fad07fd45c964078ba757dfd8d79ee51,2000,2000,3.509,1,1,1,1,1,1,1,1,1,1,1,1,1,1,1,1,1,1,1,1,1,1,1,1,1,1,1,1,1,1,1,1,1,1
qst_0270,semantic,confluence,dsid_33de625fcfc045dd967dbc9bdde3a8b4,2000,2000,3.276,1,1,1,1,1,1,1,1,1,1,1,1,1,1,1,1,1,1,1,1,1,1,1,1,1,1,1,1,1,1,1,1,1,1
qst_0271,semantic,jira,dsid_db87c0dec8444b1d83b06cbbe725d3a8,2000,2000,2.435,1,1,1,1,1,1,1,1,1,1,1,1,1,1,1,1,1,1,1,1,1,1,1,1,1,1,1,1,1,1,1,1,1,1
qst_0272,semantic,confluence,dsid_329e7ecd6b304c30b61a30e07919e008,2000,2000,3.356,0,,0,,0,,0,,0,,0,,0,,0,,0,,0,,0,,1,134,1,134,1,134,1,134,1,134,1,134
qst_0273,semantic,slack,dsid_451cad750f4548568ebfe6a5d2074f48,2000,2000,2.455,0,,0,,0,,0,,0,,0,,0,,0,,0,,0,,0,,0,,1,151,1,151,1,151,1,151,1,151
qst_0274,semantic,hubspot,dsid_98abe7c857dc40e29fcce7daee0e24a2,2000,2000,2.109,1,2,1,2,1,2,1,2,1,2,1,2,1,2,1,2,1,2,1,2,1,2,1,2,1,2,1,2,1,2,1,2,1,2
qst_0275,semantic,linear,dsid_a55032c4c2064671a4b0abf975438e1a,2000,2000,3.041,0,,1,13,1,13,1,13,1,13,1,13,1,13,1,13,1,13,1,13,1,13,1,13,1,13,1,13,1,13,1,13,1,13
qst_0276,semantic,github,dsid_ee6c23c178dc428bbd71af6526c70251,2000,2000,3.289,0,,0,,0,,0,,0,,0,,0,,0,,0,,0,,0,,0,,0,,0,,1,308,1,308,1,308
qst_0277,semantic,hubspot,dsid_6df6cca7e7124f20850ebe9077fd5958,2000,2000,1.884,0,,0,,0,,0,,0,,0,,1,67,1,67,1,67,1,67,1,67,1,67,1,67,1,67,1,67,1,67,1,67
qst_0278,semantic,linear,dsid_e5298124a9fd4bee8242a18bdb3829e0,2000,2000,2.68,0,,0,,1,22,1,22,1,22,1,22,1,22,1,22,1,22,1,22,1,22,1,22,1,22,1,22,1,22,1,22,1,22
qst_0279,semantic,jira,dsid_3f7f32874e9b4ba49ff4fe28c0ef5de0,2000,2000,2.269,0,,0,,0,,0,,0,,0,,1,62,1,62,1,62,1,62,1,62,1,62,1,62,1,62,1,62,1,62,1,62
qst_0280,semantic,google_drive,dsid_6713194be8d54a0f8de8f8d89347ecf6,2000,2000,3.214,0,,0,,0,,1,33,1,33,1,33,1,33,1,33,1,33,1,33,1,33,1,33,1,33,1,33,1,33,1,33,1,33
qst_0281,semantic,gmail,dsid_6091c41379e04d07adcf0a5646c65909,2000,2000,3.248,0,,1,17,1,17,1,17,1,17,1,17,1,17,1,17,1,17,1,17,1,17,1,17,1,17,1,17,1,17,1,17,1,17
qst_0282,semantic,jira,dsid_9adc7c1c81f54e0a88d0e0bee59a6588,2000,2000,3.333,0,,0,,0,,0,,0,,0,,0,,0,,0,,0,,0,,0,,0,,0,,0,,0,,0,
qst_0283,semantic,google_drive,dsid_c9435a0a83724528bfd39f530d0c972a,2000,2000,3.242,0,,0,,0,,0,,0,,0,,0,,0,,0,,0,,0,,1,124,1,124,1,124,1,124,1,124,1,124
qst_0284,semantic,gmail,dsid_497e2620f4ab45f29db9aa4193cf9e2b,2000,2000,2.143,1,3,1,3,1,3,1,3,1,3,1,3,1,3,1,3,1,3,1,3,1,3,1,3,1,3,1,3,1,3,1,3,1,3
qst_0285,semantic,linear,dsid_59ff5fe3de4c4a3691700ce678801bd2,2000,2000,3.105,0,,0,,0,,1,40,1,40,1,40,1,40,1,40,1,40,1,40,1,40,1,40,1,40,1,40,1,40,1,40,1,40
qst_0286,semantic,hubspot,dsid_7711da5856a8485e80e0085ebd193690,2000,2000,2.316,1,1,1,1,1,1,1,1,1,1,1,1,1,1,1,1,1,1,1,1,1,1,1,1,1,1,1,1,1,1,1,1,1,1
qst_0287,semantic,hubspot,dsid_c264b5d312534f44a97cce8b6eb104b6,2000,2000,2.233,0,,0,,0,,0,,0,,0,,0,,0,,0,,0,,0,,0,,0,,0,,1,417,1,417,1,417
qst_0288,semantic,gmail,dsid_c2ddd5240eb04e16806d82103f7646dd,2000,2000,2.192,0,,0,,1,23,1,23,1,23,1,23,1,23,1,23,1,23,1,23,1,23,1,23,1,23,1,23,1,23,1,23,1,23
qst_0289,semantic,jira,dsid_5d8045f7d37d41b99605880834c17329,2000,2000,2.745,1,6,1,6,1,6,1,6,1,6,1,6,1,6,1,6,1,6,1,6,1,6,1,6,1,6,1,6,1,6,1,6,1,6
qst_0290,semantic,github,dsid_1b7a5d6230f84eb0a38a97da0e0ce05c,2000,2000,2.611,0,,1,15,1,15,1,15,1,15,1,15,1,15,1,15,1,15,1,15,1,15,1,15,1,15,1,15,1,15,1,15,1,15
qst_0291,semantic,google_drive,dsid_38ddce87e36046df9749d9883dbfeeda,2000,2000,2.475,0,,0,,0,,0,,0,,0,,0,,0,,0,,0,,0,,0,,0,,0,,1,311,1,311,1,311
qst_0292,semantic,github,dsid_49d64735870b48b79f1e6f2724f1e7e2,2000,2000,3.223,1,1,1,1,1,1,1,1,1,1,1,1,1,1,1,1,1,1,1,1,1,1,1,1,1,1,1,1,1,1,1,1,1,1
qst_0293,semantic,jira,dsid_a8ea8c81885c44ab8aa6b0395360657c,2000,2000,3.267,0,,0,,0,,0,,0,,0,,0,,1,75,1,75,1,75,1,75,1,75,1,75,1,75,1,75,1,75,1,75
qst_0294,semantic,confluence,dsid_77351104a57140ac8e065d0a6bcf2046,2000,2000,3.134,1,2,1,2,1,2,1,2,1,2,1,2,1,2,1,2,1,2,1,2,1,2,1,2,1,2,1,2,1,2,1,2,1,2
qst_0295,semantic,slack,dsid_4b6a0f839f514ca794314398409fc883,2000,2000,2.008,0,,0,,0,,0,,0,,0,,0,,0,,0,,0,,0,,0,,0,,0,,0,,1,530,1,530
qst_0296,semantic,slack,dsid_0d7ec9095f1b41fba11cca1c8887bc2c,2000,2000,2.033,0,,0,,0,,0,,0,,0,,0,,0,,0,,0,,0,,0,,0,,0,,0,,0,,0,
qst_0297,semantic,google_drive,dsid_02a6857f487642dca0732a4ac480ea5f,2000,2000,2.901,0,,0,,0,,0,,0,,0,,0,,0,,0,,0,,0,,0,,0,,0,,0,,0,,0,
qst_0298,semantic,fireflies,dsid_a9d76bcb3bc1475abc9d6f8f83a6eba8,2000,2000,2.494,0,,0,,0,,0,,0,,0,,0,,0,,0,,0,,1,108,1,108,1,108,1,108,1,108,1,108,1,108
qst_0299,semantic,gmail,dsid_243dfdca4bbe4872946fb3a5f686edca,2000,2000,2.691,0,,0,,0,,0,,0,,0,,1,67,1,67,1,67,1,67,1,67,1,67,1,67,1,67,1,67,1,67,1,67
qst_0300,semantic,google_drive,dsid_2ffb84ee56464340885a9e484cfc6f5d,2000,2000,3.536,0,,1,15,1,15,1,15,1,15,1,15,1,15,1,15,1,15,1,15,1,15,1,15,1,15,1,15,1,15,1,15,1,15
qst_0301,intra_document_reasoning,linear,dsid_ca18eee975d34f4da7b1b880ea5ac271,2000,2000,2.753,1,1,1,1,1,1,1,1,1,1,1,1,1,1,1,1,1,1,1,1,1,1,1,1,1,1,1,1,1,1,1,1,1,1
qst_0302,intra_document_reasoning,slack,dsid_85482a6b56e747e29edb35ebec10ab67,2000,2000,3.468,1,1,1,1,1,1,1,1,1,1,1,1,1,1,1,1,1,1,1,1,1,1,1,1,1,1,1,1,1,1,1,1,1,1
qst_0303,intra_document_reasoning,linear,dsid_cf4696a68a924cc3aaf48ba4a2c1fab1,2000,2000,2.18,1,3,1,3,1,3,1,3,1,3,1,3,1,3,1,3,1,3,1,3,1,3,1,3,1,3,1,3,1,3,1,3,1,3
qst_0304,intra_document_reasoning,gmail,dsid_326387eb70834053ab4447fc1596da38,2000,2000,2.761,1,5,1,5,1,5,1,5,1,5,1,5,1,5,1,5,1,5,1,5,1,5,1,5,1,5,1,5,1,5,1,5,1,5
qst_0305,intra_document_reasoning,slack,dsid_c6a07633c306457ca67a9d7bd9fb8001,2000,2000,2.103,1,1,1,1,1,1,1,1,1,1,1,1,1,1,1,1,1,1,1,1,1,1,1,1,1,1,1,1,1,1,1,1,1,1
qst_0306,intra_document_reasoning,slack,dsid_9dff54e0ef8e4710926767a81224d475,2000,2000,2.161,0,,1,11,1,11,1,11,1,11,1,11,1,11,1,11,1,11,1,11,1,11,1,11,1,11,1,11,1,11,1,11,1,11
qst_0307,intra_document_reasoning,slack,dsid_be03b2f295574a9081065a0500ef605e,2000,2000,3.367,1,1,1,1,1,1,1,1,1,1,1,1,1,1,1,1,1,1,1,1,1,1,1,1,1,1,1,1,1,1,1,1,1,1
qst_0308,intra_document_reasoning,gmail,dsid_a07c9545aad04538877d041a649400d9,2000,2000,2.666,1,1,1,1,1,1,1,1,1,1,1,1,1,1,1,1,1,1,1,1,1,1,1,1,1,1,1,1,1,1,1,1,1,1
qst_0309,intra_document_reasoning,slack,dsid_107621ec137a40e5a966e429a531125e,2000,2000,1.572,1,1,1,1,1,1,1,1,1,1,1,1,1,1,1,1,1,1,1,1,1,1,1,1,1,1,1,1,1,1,1,1,1,1
qst_0310,intra_document_reasoning,fireflies,dsid_b9025f196ac14b2cb7a2905654dd42d7,2000,2000,2.742,0,,0,,0,,0,,0,,0,,0,,0,,0,,0,,0,,0,,1,175,1,175,1,175,1,175,1,175
qst_0311,intra_document_reasoning,gmail,dsid_a4ab40c6ecf249239d4b426892299048,2000,2000,2.53,1,1,1,1,1,1,1,1,1,1,1,1,1,1,1,1,1,1,1,1,1,1,1,1,1,1,1,1,1,1,1,1,1,1
qst_0312,intra_document_reasoning,fireflies,dsid_c054271735b541ba91e42c4dbe8a4883,2000,2000,2.139,1,3,1,3,1,3,1,3,1,3,1,3,1,3,1,3,1,3,1,3,1,3,1,3,1,3,1,3,1,3,1,3,1,3
qst_0313,intra_document_reasoning,linear,dsid_e9f22ba025e34bb6b7b8c61d26a38a19,2000,2000,2.439,0,,1,11,1,11,1,11,1,11,1,11,1,11,1,11,1,11,1,11,1,11,1,11,1,11,1,11,1,11,1,11,1,11
qst_0314,intra_document_reasoning,gmail,dsid_675719b813ed4030b65514ca79e67ef8,2000,2000,2.294,1,1,1,1,1,1,1,1,1,1,1,1,1,1,1,1,1,1,1,1,1,1,1,1,1,1,1,1,1,1,1,1,1,1
qst_0315,intra_document_reasoning,linear,dsid_e6c0f4ec1f2d4937925ce9b9ef2c3057,2000,2000,2.418,1,7,1,7,1,7,1,7,1,7,1,7,1,7,1,7,1,7,1,7,1,7,1,7,1,7,1,7,1,7,1,7,1,7
qst_0316,intra_document_reasoning,gmail,dsid_36bdca5b925c4550b5eca1990f2d798b,2000,2000,3.636,1,1,1,1,1,1,1,1,1,1,1,1,1,1,1,1,1,1,1,1,1,1,1,1,1,1,1,1,1,1,1,1,1,1
qst_0317,intra_document_reasoning,linear,dsid_410b731e6ab84ea2b1e17ece1db407bf,2000,2000,2.306,1,1,1,1,1,1,1,1,1,1,1,1,1,1,1,1,1,1,1,1,1,1,1,1,1,1,1,1,1,1,1,1,1,1
qst_0318,intra_document_reasoning,jira,dsid_521553a072244d199d06a34dd6e1aca0,2000,2000,2.012,1,1,1,1,1,1,1,1,1,1,1,1,1,1,1,1,1,1,1,1,1,1,1,1,1,1,1,1,1,1,1,1,1,1
qst_0319,intra_document_reasoning,slack,dsid_3ab32ce7a21947de8fa071e06243b6a8,2000,2000,2.167,1,1,1,1,1,1,1,1,1,1,1,1,1,1,1,1,1,1,1,1,1,1,1,1,1,1,1,1,1,1,1,1,1,1
qst_0320,intra_document_reasoning,gmail,dsid_e052daca29064eb5ba2b1b0f046fbb84,2000,2000,2.573,1,3,1,3,1,3,1,3,1,3,1,3,1,3,1,3,1,3,1,3,1,3,1,3,1,3,1,3,1,3,1,3,1,3
qst_0321,intra_document_reasoning,linear,dsid_6e44a32c61cb464cb7a702a8ddcf04b6,2000,2000,2.307,1,3,1,3,1,3,1,3,1,3,1,3,1,3,1,3,1,3,1,3,1,3,1,3,1,3,1,3,1,3,1,3,1,3
qst_0322,intra_document_reasoning,github,dsid_bab6aba4c06e41e9ae46b9355f644a7a,2000,2000,2.184,1,1,1,1,1,1,1,1,1,1,1,1,1,1,1,1,1,1,1,1,1,1,1,1,1,1,1,1,1,1,1,1,1,1
qst_0323,intra_document_reasoning,linear,dsid_a2c7dc70aacc470894c953b6c7499228,2000,2000,2.545,1,1,1,1,1,1,1,1,1,1,1,1,1,1,1,1,1,1,1,1,1,1,1,1,1,1,1,1,1,1,1,1,1,1
qst_0324,intra_document_reasoning,gmail,dsid_a92fe998fc534d57a1d54d5a6294c938,2000,2000,2.814,1,1,1,1,1,1,1,1,1,1,1,1,1,1,1,1,1,1,1,1,1,1,1,1,1,1,1,1,1,1,1,1,1,1
qst_0325,intra_document_reasoning,slack,dsid_bbce440e846642f3983104c786157597,2000,2000,1.952,1,1,1,1,1,1,1,1,1,1,1,1,1,1,1,1,1,1,1,1,1,1,1,1,1,1,1,1,1,1,1,1,1,1
qst_0326,intra_document_reasoning,linear,dsid_c2b97fe24375413ca538402166ed8482,2000,2000,3.267,1,1,1,1,1,1,1,1,1,1,1,1,1,1,1,1,1,1,1,1,1,1,1,1,1,1,1,1,1,1,1,1,1,1
qst_0327,intra_document_reasoning,confluence,dsid_69e745b76aa34eab8721ba0c88482ec0,2000,2000,2.918,1,1,1,1,1,1,1,1,1,1,1,1,1,1,1,1,1,1,1,1,1,1,1,1,1,1,1,1,1,1,1,1,1,1
qst_0328,intra_document_reasoning,slack,dsid_bdf2a80ff4b94ad89ce86f7930b11be6,2000,2000,2.094,1,1,1,1,1,1,1,1,1,1,1,1,1,1,1,1,1,1,1,1,1,1,1,1,1,1,1,1,1,1,1,1,1,1
qst_0329,intra_document_reasoning,hubspot,dsid_f4fbc3f2bcc24bb29f9da2c81e43661f,2000,2000,1.869,0,,0,,0,,0,,0,,0,,0,,0,,0,,0,,0,,0,,0,,0,,1,214,1,214,1,214
qst_0330,intra_document_reasoning,slack,dsid_924e4e8724c140799fef68bd384a0412,2000,2000,2.043,1,3,1,3,1,3,1,3,1,3,1,3,1,3,1,3,1,3,1,3,1,3,1,3,1,3,1,3,1,3,1,3,1,3
qst_0331,intra_document_reasoning,jira,dsid_58220c63dc384549a60a5eb8e400d55a,2000,2000,2.21,1,1,1,1,1,1,1,1,1,1,1,1,1,1,1,1,1,1,1,1,1,1,1,1,1,1,1,1,1,1,1,1,1,1
qst_0332,intra_document_reasoning,slack,dsid_21c9dba0568449d89fba4d57dc3dd442,2000,2000,1.999,1,1,1,1,1,1,1,1,1,1,1,1,1,1,1,1,1,1,1,1,1,1,1,1,1,1,1,1,1,1,1,1,1,1
qst_0333,intra_document_reasoning,fireflies,dsid_100d6362c85946ab97758b63509bc182,2000,2000,3.318,0,,0,,0,,0,,0,,0,,0,,0,,0,,0,,0,,0,,0,,0,,0,,0,,0,
qst_0334,intra_document_reasoning,slack,dsid_98525cb72fd948ef9797c6d35b504b9d,2000,2000,2.153,1,1,1,1,1,1,1,1,1,1,1,1,1,1,1,1,1,1,1,1,1,1,1,1,1,1,1,1,1,1,1,1,1,1
qst_0335,intra_document_reasoning,gmail,dsid_29fbaa51102242e5a1efe670e7214591,2000,2000,2.272,0,,0,,0,,0,,0,,0,,0,,0,,0,,0,,1,117,1,117,1,117,1,117,1,117,1,117,1,117
qst_0336,intra_document_reasoning,gmail,dsid_b89d7b362a2c480993502fb443c144c9,2000,2000,2.256,1,1,1,1,1,1,1,1,1,1,1,1,1,1,1,1,1,1,1,1,1,1,1,1,1,1,1,1,1,1,1,1,1,1
qst_0337,intra_document_reasoning,linear,dsid_b4443ecc53154934902652d496c9d12e,2000,2000,2.432,1,1,1,1,1,1,1,1,1,1,1,1,1,1,1,1,1,1,1,1,1,1,1,1,1,1,1,1,1,1,1,1,1,1
qst_0338,intra_document_reasoning,confluence,dsid_06682ba9559b4b2192ffe6dee7a7abba,2000,2000,2.368,1,1,1,1,1,1,1,1,1,1,1,1,1,1,1,1,1,1,1,1,1,1,1,1,1,1,1,1,1,1,1,1,1,1
qst_0339,intra_document_reasoning,github,dsid_81208556437644a0a4dedf168baf81b5,2000,2000,2.641,1,1,1,1,1,1,1,1,1,1,1,1,1,1,1,1,1,1,1,1,1,1,1,1,1,1,1,1,1,1,1,1,1,1
qst_0340,intra_document_reasoning,slack,dsid_402f0ac3cd174f30b3a306c2e4def472,2000,2000,2.549,1,1,1,1,1,1,1,1,1,1,1,1,1,1,1,1,1,1,1,1,1,1,1,1,1,1,1,1,1,1,1,1,1,1
qst_0341,project_related,confluence|jira,dsid_1980f45c3fb4455f943a2b030892ae90|dsid_49fa5cfd95624dbeb6eaa535f9959470,2000,2000,3.318,1,1,1,1,1,1,1,1,1,1,1,1,1,1,1,1,1,1,1,1,1,1,1,1,1,1,1,1,1,1,1,1,1,1
qst_0342,project_related,confluence|gmail,dsid_d64b62cc422c45108871fb097066e6f8|dsid_610d2c74a60441e886fcc39e351a4176|dsid_86b915e7a2a3492c82224174383cd9f9|dsid_377cdf4e378f40bebd7196e3a0ff1c38,2000,2000,2.729,0,,0,,0,,0,,0,,1,51,1,51,1,51,1,51,1,51,1,51,1,51,1,51,1,51,1,51,1,51,1,51
qst_0343,project_related,github|jira|slack,dsid_85ee9562e05d457b9e32785343777359|dsid_ae2e969d0b924ebbb19ab2f5d1b95125|dsid_fee94d81c032494cbfce8094468f0973,2000,2000,2.755,1,1,1,1,1,1,1,1,1,1,1,1,1,1,1,1,1,1,1,1,1,1,1,1,1,1,1,1,1,1,1,1,1,1
qst_0344,project_related,confluence|github|jira,dsid_e33c122264214846a8b7df7701d31482|dsid_409618a3958944f9b78362ed7e01bb33|dsid_a5a5235d973e421c870e11ceea4887ed|dsid_4b2ac6984bdf4737a18520e158b04453,2000,2000,3.617,1,6,1,6,1,6,1,6,1,45,1,45,1,45,1,45,1,45,1,45,1,45,1,45,1,45,1,45,1,45,1,45,1,45
qst_0345,project_related,confluence|gmail,dsid_a9a67d815b07451e90ed8c3d1734d007|dsid_98d7acbda29a4260a413c8d6da7207a3,2000,2000,3.842,0,,0,,0,,1,37,1,37,1,37,1,37,1,37,1,37,1,37,1,37,1,37,1,37,1,37,1,37,1,37,1,37
qst_0346,project_related,github|gmail|jira,dsid_0c504258cd0c432d898e6711fb90eaf6|dsid_5cd60d30f77441c082187f1a47547637|dsid_6a29c54058c041cf8db781f195e6b1cc,2000,2000,3.042,1,4,1,4,1,4,1,4,1,4,1,4,1,4,1,4,1,4,1,4,1,4,1,4,1,4,1,4,1,4,1,4,1,4
qst_0347,project_related,github|jira,dsid_dab17ee5c3924a9998b17b3591bbae28|dsid_b8691ba2e29542838afae93928ad816a,2000,2000,3.231,1,1,1,1,1,1,1,1,1,1,1,1,1,1,1,1,1,1,1,1,1,1,1,1,1,1,1,1,1,1,1,1,1,1
qst_0348,project_related,confluence|github|jira,dsid_ca42a8f18d784c879c5a6fcfe3a484c0|dsid_6e528fa402c34043897649be6aa6df3d|dsid_960a2981de674ebf844f7dc19d2e3cc0|dsid_d32eb5051b554e038222c3bf399acef8,2000,2000,2.958,1,3,1,3,1,3,1,3,1,3,1,3,1,3,1,3,1,3,1,3,1,3,1,3,1,3,1,3,1,493,1,493,1,493
qst_0349,project_related,github|jira,dsid_fe7a496e795b4baca997e655f9316fc5|dsid_44cf2d75d70d4365914aa46947a94b1d|dsid_21d6b99dc771418287d61444f373852e,2000,2000,2.281,1,1,1,1,1,1,1,1,1,1,1,1,1,1,1,1,1,1,1,1,1,1,1,1,1,1,1,1,1,1,1,1,1,1
qst_0350,project_related,github|google_drive|jira,dsid_f3e6edec6f4947a5bd5aa7fd557d7d2b|dsid_939eea1a52f84393b0f87492b9aba8c2|dsid_95c7aa5238f94570a8e0a8684736b666,2000,2000,3.465,1,1,1,1,1,1,1,1,1,1,1,1,1,1,1,1,1,1,1,1,1,1,1,1,1,1,1,1,1,1,1,1,1,1
qst_0351,project_related,confluence|jira|slack,dsid_150b485e7fd54251b937ab3d08a850dc|dsid_8ae540be8e4c458ca15e122040ea2418|dsid_8c24fd15fe5b473eb71341751d292b6e|dsid_94f568e4161d4d78b0db60af2b611746,2000,2000,2.83,1,1,1,1,1,29,1,29,1,29,1,29,1,29,1,29,1,29,1,29,1,29,1,29,1,29,1,29,1,208,1,208,1,208
qst_0352,project_related,jira|slack,dsid_85ee9562e05d457b9e32785343777359|dsid_ae2e969d0b924ebbb19ab2f5d1b95125,2000,2000,2.927,1,1,1,1,1,1,1,1,1,1,1,1,1,1,1,1,1,1,1,1,1,1,1,1,1,1,1,1,1,1,1,1,1,1
qst_0353,project_related,confluence,dsid_a3f94972391244f38ef773c05926af83|dsid_58bdb9f3bb4241e089f4f2b102765db4,2000,2000,2.601,0,,0,,0,,1,37,1,48,1,48,1,48,1,48,1,48,1,48,1,48,1,48,1,48,1,48,1,48,1,48,1,48
qst_0354,project_related,confluence|github|google_drive|jira,dsid_37befab212ae4ed9be7ebe612d942658|dsid_602422b841b94f5c8089555015df0ed8|dsid_d04dea2d736445c3af6934b900a12ef9|dsid_c52c609c0cdf4211a7e8c57bb1da72e4|dsid_dc8da53aae4c4a81be13ae8e519cd42d|dsid_4587f467ecf646b7926dbd6b886f9f23|dsid_38e7aac0d2ed4545b7a92c2c441825a1|dsid_2f1f0358b85148f19d38f619891bfb15,2000,2000,2.732,1,2,1,2,1,2,1,2,1,2,1,2,1,2,1,2,1,2,1,2,1,2,1,2,1,2,1,2,1,2,1,2,1,774
qst_0355,project_related,confluence|gmail|slack,dsid_6fc6a90cd2d044e5add05493803e64d1|dsid_b8f2f50607a0406f9733f2e9ba4281c8|dsid_08585f025bd74d50bafd23843caae7bb,2000,2000,3.387,1,1,1,1,1,1,1,1,1,1,1,1,1,1,1,1,1,1,1,1,1,1,1,121,1,121,1,121,1,121,1,121,1,121
qst_0356,project_related,confluence|gmail|jira,dsid_863d0cda2c984154baad1973513ed3da|dsid_5217b3a64c4a433c89ba2a3186dea82a|dsid_8e77536c5e0f4521b756d7b79b640e24|dsid_020bac2fb6ac4de28d5afb63e39a0c10,2000,2000,2.552,1,1,1,1,1,1,1,1,1,1,1,1,1,1,1,1,1,1,1,1,1,1,1,1,1,1,1,1,1,1,1,1,1,875
qst_0357,project_related,confluence|slack,dsid_4a1ec9242b1745ec96f51861a127e53d|dsid_96151fd86fcd4aef83e13a706768dd11|dsid_dbd29f9393f149fbb696c9a5614dc875,2000,2000,3.101,1,1,1,1,1,1,1,1,1,1,1,1,1,1,1,1,1,1,1,1,1,1,1,1,1,1,1,1,1,1,1,1,1,1
qst_0358,project_related,confluence,dsid_330be20dd4224d8dad24eb633121ba06|dsid_c70d63e14aa84195aec43820c018f8b9|dsid_f952b60df24d4736b831a643993aee67|dsid_858fd59a63d64f5e81a2b8482ba64dbf,2000,2000,3.156,0,,0,,1,24,1,24,1,24,1,24,1,70,1,70,1,70,1,70,1,70,1,70,1,70,1,70,1,70,1,70,1,70
qst_0359,project_related,confluence|github|jira|linear,dsid_617d538c79334f4b9ddfd5c50c05ee4b|dsid_ae455bffe226412c9973991ef2d34a72|dsid_d67b4ea2d8834799ae617b1ccddf1f6e|dsid_2d0330be987e4163bfd9c42c69bc1e40|dsid_5b0c65ca162a43a0938bebabe9b1d53f|dsid_0bebeaedbe794ec38ae1d6f4ddd5c2b6,2000,2000,3.1,1,7,1,7,1,7,1,7,1,7,1,7,1,7,1,7,1,7,1,7,1,7,1,7,1,7,1,7,1,7,1,7,1,7
qst_0360,project_related,linear|slack,dsid_3e7cf5be42d84f2880858c726b65998f|dsid_73b60918db2b467c88af9d57635402a4,2000,2000,2.406,1,8,1,8,1,8,1,8,1,8,1,8,1,8,1,8,1,8,1,8,1,8,1,8,1,8,1,8,1,8,1,8,1,8
qst_0361,project_related,confluence|jira,dsid_b885123ef2c04d508ee071328a4e5aa7|dsid_d9d0ca701cc54d58adae135f69cc83d7|dsid_19b05c958acb478a90cab25257366a29,2000,2000,3.633,1,1,1,1,1,1,1,31,1,31,1,31,1,31,1,31,1,31,1,31,1,31,1,31,1,31,1,31,1,31,1,31,1,31
qst_0362,project_related,confluence|github|gmail|jira|slack,dsid_0a23e8e094d5445b8a1af748598300ca|dsid_bced6413bb6f414a882fb9cbaf8c7448|dsid_89d75953da0c4bc186eb95fe169de462|dsid_3eb3b5da0ee540839a98c48f54fd1d5f|dsid_81744edbad5543b98dd551f883ac6772|dsid_c8e1d531048848c58247e00983096499|dsid_30b76ac074c841ef9afcb34c178c40d7|dsid_64212a1689814ac19deff834ce203ebd|dsid_a4bf9cb21b004bc9b12b8905c66896a4,2000,2000,2.431,0,,0,,0,,0,,0,,0,,0,,0,,0,,0,,0,,0,,0,,1,198,1,198,1,198,1,198
qst_0363,project_related,confluence|github|jira,dsid_9a2f440e8f7e4801b76233767fcef945|dsid_b993fa19b3d44382b709e3107ab1ba77|dsid_d9702f193090461480911352de3d4e49|dsid_44b11e967a5f4029aebb720891f66450|dsid_2bb0a4d1958848b0939ed64cc2b911ff|dsid_4c0d5d098d224e7495667823169b521e,2000,2000,3.882,1,1,1,1,1,1,1,1,1,1,1,1,1,1,1,1,1,1,1,1,1,1,1,1,1,1,1,1,1,1,1,1,1,1
qst_0364,project_related,google_drive|jira,dsid_5147667611a54584aa272d1469d8f6a7|dsid_23c10bc09bb345d987d7464224247263|dsid_5efc026a36144721a82af3dfb2dcdea8,2000,2000,3.496,1,2,1,2,1,2,1,2,1,2,1,2,1,2,1,2,1,2,1,2,1,2,1,2,1,2,1,2,1,2,1,2,1,2
qst_0365,project_related,confluence|github|google_drive|linear|slack,dsid_b01c12d7b75240c6a712313d764bd8a7|dsid_e5a26c404092453ab2ce88abc76d2ebf|dsid_db9c549c8c1740778e29b4351689b9c5|dsid_4b145e62988d40bab07d2bc3e66206a0|dsid_b78080193f474c3b99811541b7be74d3|dsid_4680a1c924c24f0b9369809e0038ea31|dsid_99c13a4a518442b1819aa5cf02a52f3f|dsid_105c8412280b4fe9abddec455c092216|dsid_9291e4abdec54e108c37f0c0918f5972,2000,2000,3.17,1,6,1,6,1,6,1,6,1,6,1,6,1,6,1,6,1,86,1,86,1,86,1,86,1,153,1,153,1,153,1,702,1,702
qst_0366,project_related,confluence|github|jira|linear|slack,dsid_8590bba128564aa7a60be6067b6be779|dsid_6574ec5483bb44d39fca9eb57d75d0af|dsid_77d70426ff9545c191fa5e64f4a398b2|dsid_6ff09cf76a40402f933dae499a528307|dsid_2aa88546569b4fc6a1a5eee4a97ffda9|dsid_e81281549cba44a9ba83dafe47c61937|dsid_faca41898b0d4aa28b811a890d3e94df|dsid_a195d5d938574d9db61438653a5f652d|dsid_740a2ab43b2d41e690c2cfe88d2a7567,2000,2000,3.178,0,,0,,1,27,1,27,1,27,1,27,1,27,1,27,1,27,1,27,1,27,1,27,1,27,1,27,1,27,1,27,1,27
qst_0367,project_related,confluence|gmail|jira|slack,dsid_b632b2d6f86f41c6820e52ae56549a35|dsid_2dc6ac1e1db14588913165002c062961|dsid_0b129c86cc6240b088a137d6634eef25|dsid_85ade33e53334639be778b9c7aabe637|dsid_d11b935761d94f10911c358aba04f4df|dsid_8d97d64cfcb14cd3b13589b86b0a0c02|dsid_51895b7e9f2942898291b66b72886b15|dsid_b64f6bb160574675932dacbbfaa59965|dsid_d8f3577836ad4646a404dc043115156d,2000,2000,3.089,1,2,1,2,1,2,1,33,1,33,1,55,1,55,1,55,1,55,1,55,1,55,1,55,1,55,1,55,1,55,1,55,1,55
qst_0368,project_related,github|jira,dsid_abfb68dde21f4fd2aa7d70c472447f89|dsid_0f9c8d82259c4d5a95bc5865fc492919,2000,2000,2.994,1,1,1,1,1,1,1,1,1,1,1,1,1,1,1,1,1,1,1,1,1,1,1,1,1,1,1,1,1,1,1,1,1,1
qst_0369,project_related,confluence|github|google_drive|jira,dsid_e7d8c585e8594fe481975515246d04f2|dsid_a560a94faf9c40ec9782d125d94fc009|dsid_9762ad5c4f7b45e3af5dda76b48752e4|dsid_5776ac1f724b4f72a084d3e796f0af4a|dsid_6e790a04abe54ce9a92877679790f915|dsid_12c56622cee749969076c8dbac19da4d,2000,2000,3.64,1,3,1,3,1,3,1,3,1,3,1,3,1,3,1,3,1,3,1,3,1,3,1,3,1,3,1,3,1,3,1,3,1,3
qst_0370,project_related,confluence|jira|slack,dsid_8c24fd15fe5b473eb71341751d292b6e|dsid_150b485e7fd54251b937ab3d08a850dc|dsid_8ae540be8e4c458ca15e122040ea2418|dsid_94f568e4161d4d78b0db60af2b611746|dsid_6a8476f19fee43b3af984d2bd790453f,2000,2000,2.698,1,1,1,1,1,1,1,1,1,1,1,1,1,1,1,1,1,1,1,1,1,1,1,1,1,1,1,1,1,1,1,692,1,692
qst_0371,project_related,confluence|slack,dsid_3ad691e18be849d897506f5276c24a75|dsid_fc356e32e9a64c3199be174cb91432eb|dsid_a1d8ea3adc68431ebd90cc40a51b5627,2000,2000,2.36,0,,1,20,1,20,1,20,1,20,1,20,1,20,1,20,1,20,1,20,1,20,1,20,1,20,1,20,1,220,1,220,1,220
qst_0372,project_related,confluence|github|jira,dsid_617d538c79334f4b9ddfd5c50c05ee4b|dsid_ae455bffe226412c9973991ef2d34a72|dsid_5b0c65ca162a43a0938bebabe9b1d53f|dsid_0bebeaedbe794ec38ae1d6f4ddd5c2b6,2000,2000,3.342,1,6,1,6,1,6,1,6,1,6,1,6,1,6,1,6,1,6,1,6,1,6,1,6,1,6,1,6,1,6,1,6,1,6
qst_0373,project_related,confluence|linear,dsid_16996cd96c1c4fa1ab399cbc446b186f|dsid_5324918997644ea090703e088b166214|dsid_5217b3a64c4a433c89ba2a3186dea82a,2000,2000,3.275,1,4,1,4,1,4,1,4,1,4,1,4,1,4,1,4,1,4,1,4,1,4,1,4,1,4,1,4,1,4,1,4,1,4
qst_0374,project_related,confluence|linear|slack,dsid_30b0460f0ef74192b50be29ea518aef1|dsid_cf2557c60954460bb002ad1f17ad4369|dsid_c67e1098ee1e4d438a041539a79bfc15,2000,2000,2.698,1,3,1,3,1,3,1,3,1,3,1,3,1,3,1,3,1,3,1,3,1,3,1,3,1,3,1,3,1,3,1,3,1,3
qst_0375,project_related,confluence|github|jira,dsid_e5b1e464966a48bf9406e6e7197fee0d|dsid_b5a4ac6f13d545b6b085fb74e971ff27|dsid_a6efecc786c9436499eb000b8489ae52|dsid_ab988030fc0c4544846f0e1f667453a3,2000,2000,3.601,1,1,1,1,1,1,1,1,1,1,1,1,1,1,1,1,1,1,1,1,1,1,1,1,1,167,1,167,1,167,1,167,1,167
qst_0376,project_related,confluence|jira,dsid_9a2f440e8f7e4801b76233767fcef945|dsid_44b11e967a5f4029aebb720891f66450|dsid_896272184a6845a19d9bd1a0a4e3e671,2000,2000,3.638,1,1,1,1,1,1,1,1,1,1,1,1,1,1,1,1,1,1,1,1,1,1,1,1,1,1,1,1,1,1,1,1,1,1
qst_0377,project_related,confluence|google_drive|jira|linear|slack,dsid_1d6255db99894b2794c36318f654f085|dsid_052d0c27569145c5896b910eb6f3c063|dsid_4ecb42b192a1421885f6fbe8a7cbde8b|dsid_1878e91704a24813a12f69b40444f168|dsid_b9c347b4608541aabe8b7d2f7f90339e|dsid_adaebcf9535f47b5903bbaa5e48fd0e6,2000,2000,2.437,1,3,1,3,1,3,1,3,1,3,1,3,1,3,1,3,1,3,1,3,1,3,1,3,1,3,1,3,1,3,1,719,1,719
qst_0378,project_related,confluence|github|google_drive|jira,dsid_2c8a0d14578d4789ae96d9f993d04ae1|dsid_425340806ab84e2cb48e99e95bac36e1|dsid_7a516d063b50468fa0d1a543ece71e1b|dsid_fef1f9ccfa934c0a8d96f4b64595d942,2000,2000,2.693,1,6,1,6,1,6,1,6,1,6,1,6,1,6,1,6,1,6,1,6,1,6,1,6,1,6,1,6,1,6,1,6,1,6
qst_0379,project_related,confluence|jira|linear,dsid_5094ef74d2e249919de1aa6db7c5d0e7|dsid_cd46e89bb40a4dd7b243aabf43c98086|dsid_7f6bde5cefa543a7b1943ffaf5a8a9f1|dsid_acd1d77ed9044f3691d06a9ccc6bf417|dsid_c5848fca4e1c4cc48164aa3e53e5741b|dsid_d64cf51ff0db444c92d57cf1a5981b75|dsid_a2d5f7ee89c14d4ab02e82aa94f22c18|dsid_57a712a7419d4e84bccfcf08c8c010a5,2000,2000,3.242,1,1,1,1,1,1,1,1,1,1,1,1,1,1,1,1,1,1,1,1,1,1,1,1,1,1,1,1,1,1,1,633,1,633
qst_0380,project_related,jira|linear,dsid_3e7cf5be42d84f2880858c726b65998f|dsid_be8d2802cf3245088a7e7f861f317b31,2000,2000,2.41,1,7,1,7,1,7,1,7,1,7,1,7,1,7,1,7,1,7,1,7,1,7,1,7,1,7,1,7,1,7,1,7,1,7
qst_0381,constrained,confluence,dsid_d844cc30147b49c69ea5275b4993b571|dsid_865449ae95b044768f33773263bfeaad,2000,2000,2.546,1,8,1,14,1,14,1,14,1,14,1,14,1,14,1,14,1,14,1,14,1,14,1,14,1,14,1,14,1,14,1,14,1,14
qst_0382,constrained,confluence,dsid_7d347905549f4456b0d2226b47e4aa68,2000,2000,2.458,1,1,1,1,1,1,1,1,1,1,1,1,1,1,1,1,1,1,1,1,1,1,1,1,1,1,1,1,1,1,1,1,1,1
qst_0383,constrained,jira,dsid_3fb8a400e0cf42d0b19dc134e2b7f46c,2000,2000,2.619,1,8,1,8,1,8,1,8,1,8,1,8,1,8,1,8,1,8,1,8,1,8,1,8,1,8,1,8,1,8,1,8,1,8
qst_0384,constrained,confluence,dsid_f877499fe0e946199ceb2486f0ad5ec3|dsid_f8b651a683044ad8964f34f881c63152,2000,2000,2.633,0,,0,,0,,0,,0,,0,,0,,0,,0,,0,,0,,0,,0,,0,,1,265,1,265,1,265
qst_0385,constrained,confluence|slack,dsid_58bdb9f3bb4241e089f4f2b102765db4|dsid_e34b1f14719d45d98b175cb1351fb540,2000,2000,2.398,1,2,1,2,1,2,1,2,1,2,1,2,1,2,1,2,1,2,1,2,1,2,1,2,1,2,1,2,1,2,1,2,1,2
qst_0386,constrained,confluence,dsid_5e65a1cb22b6464e9f36d0fa2d1f4317,2000,2000,2.458,1,1,1,1,1,1,1,1,1,1,1,1,1,1,1,1,1,1,1,1,1,1,1,1,1,1,1,1,1,1,1,1,1,1
qst_0387,constrained,jira,dsid_f70e8011de994a9d956fca708445fb5e,2000,2000,3.246,1,4,1,4,1,4,1,4,1,4,1,4,1,4,1,4,1,4,1,4,1,4,1,4,1,4,1,4,1,4,1,4,1,4
qst_0388,constrained,jira,dsid_8c15ff526e00491e9ccbde5ef4a4458c,2000,2000,1.922,0,,0,,0,,0,,1,41,1,41,1,41,1,41,1,41,1,41,1,41,1,41,1,41,1,41,1,41,1,41,1,41
qst_0389,constrained,jira,dsid_1d53445cc74b4d7db325cd585736f87f,2000,2000,2.164,1,1,1,1,1,1,1,1,1,1,1,1,1,1,1,1,1,1,1,1,1,1,1,1,1,1,1,1,1,1,1,1,1,1
qst_0390,constrained,confluence|jira,dsid_6bd66c03cd3242a99006b44429dd0a8e|dsid_2fda4174a0324c149fe70b1ee84e1fc8,2000,2000,2.246,0,,1,11,1,11,1,11,1,11,1,11,1,11,1,11,1,11,1,11,1,11,1,11,1,11,1,11,1,11,1,11,1,11
qst_0391,constrained,google_drive,dsid_0b0595a6d39247ada6238d8311b587f8,2000,2000,2.407,0,,0,,0,,0,,0,,0,,0,,0,,0,,0,,0,,0,,0,,0,,1,231,1,231,1,231
qst_0392,constrained,jira,dsid_7fd136dd100c4c9cbbe1958c94c26152,2000,2000,2.277,1,1,1,1,1,1,1,1,1,1,1,1,1,1,1,1,1,1,1,1,1,1,1,1,1,1,1,1,1,1,1,1,1,1
qst_0393,constrained,confluence|jira,dsid_4b15b253ca294377a12d12651ada2168|dsid_90218d9a9af84072bcf3ff7bb90b5fa1,2000,2000,2.46,1,3,1,3,1,3,1,3,1,3,1,3,1,3,1,3,1,3,1,3,1,3,1,3,1,3,1,3,1,3,1,3,1,3
qst_0394,constrained,confluence,dsid_9a5968363fce4f79af38d7702465a121|dsid_7c08ef109c804c0bb165184b7d78b18c,2000,2000,3.856,0,,1,20,1,20,1,20,1,20,1,20,1,20,1,20,1,20,1,20,1,20,1,20,1,20,1,20,1,20,1,20,1,20
qst_0395,constrained,jira,dsid_5410b45665284cfcb01f72410fff33c4,2000,2000,2.259,0,,0,,0,,0,,1,42,1,42,1,42,1,42,1,42,1,42,1,42,1,42,1,42,1,42,1,42,1,42,1,42
qst_0396,constrained,jira,dsid_f90b68cdda834c6fb4c76508d359c72f,2000,2000,2.496,1,1,1,1,1,1,1,1,1,1,1,1,1,1,1,1,1,1,1,1,1,1,1,1,1,1,1,1,1,1,1,1,1,1
qst_0397,constrained,confluence,dsid_d3edd63b9ec54523ad12bd9be3d7e996|dsid_6d3e0fd1c48b466e9f5a4a5b0a1127a0,2000,2000,3.188,1,1,1,1,1,1,1,1,1,1,1,1,1,1,1,1,1,1,1,1,1,1,1,1,1,1,1,1,1,1,1,1,1,1
qst_0398,constrained,jira,dsid_663ae6b555814a779d9abffba8339e84,2000,2000,3.259,1,2,1,2,1,2,1,2,1,2,1,2,1,2,1,2,1,2,1,2,1,2,1,2,1,2,1,2,1,2,1,2,1,2
qst_0399,constrained,slack,dsid_4cfe0c490c974065bd497f06ad4a1105,2000,2000,2.148,0,,0,,0,,0,,0,,0,,0,,0,,1,86,1,86,1,86,1,86,1,86,1,86,1,86,1,86,1,86
qst_0400,constrained,confluence,dsid_10a7359bb6ad4b959ad2171abdb9f620|dsid_b52a8760cae1451a9504edcf9ff58e31,2000,2000,3.194,1,3,1,3,1,3,1,3,1,3,1,3,1,3,1,3,1,3,1,3,1,3,1,3,1,3,1,3,1,3,1,3,1,3
qst_0401,constrained,jira,dsid_f7dc91cc70e14c94a6215a13cd829cbf,2000,2000,2.387,1,1,1,1,1,1,1,1,1,1,1,1,1,1,1,1,1,1,1,1,1,1,1,1,1,1,1,1,1,1,1,1,1,1
qst_0402,constrained,confluence|jira,dsid_fd73df34040d4e0f8f944ccc9f0b5e70|dsid_12299dbfb9084473856316ff3afcbf3b,2000,2000,3.344,1,1,1,1,1,1,1,1,1,1,1,1,1,1,1,1,1,1,1,1,1,1,1,1,1,1,1,1,1,1,1,1,1,1
qst_0403,constrained,confluence|linear,dsid_a98ada14af2142a7a46266584d05c846|dsid_91d7f359508c4476a6f717ea2b33aecc,2000,2000,2.12,1,7,1,7,1,7,1,7,1,7,1,7,1,7,1,7,1,7,1,7,1,7,1,7,1,7,1,7,1,7,1,7,1,7
qst_0404,constrained,confluence,dsid_ad70fa7335294e2988193e2a6645a5ba|dsid_8f0301d7b2414031b392da5566f98ce6,2000,2000,3.108,0,,0,,0,,0,,0,,0,,0,,0,,0,,0,,0,,0,,0,,0,,0,,0,,1,816
qst_0405,constrained,confluence,dsid_b41df051e6dc46c48b36a99c366ee5c5|dsid_9964e71da61e4a92bf3f53699cabbf95,2000,2000,2.776,1,1,1,1,1,1,1,1,1,1,1,1,1,1,1,1,1,1,1,1,1,1,1,1,1,1,1,1,1,1,1,1,1,1
qst_0406,constrained,confluence,dsid_3638bd02227d4882ad0605f1e8b767c0,2000,2000,2.42,1,1,1,1,1,1,1,1,1,1,1,1,1,1,1,1,1,1,1,1,1,1,1,1,1,1,1,1,1,1,1,1,1,1
qst_0407,constrained,jira,dsid_f983fca1510e4cf492c0f39a4984d80c,2000,2000,2.507,0,,0,,0,,0,,0,,1,57,1,57,1,57,1,57,1,57,1,57,1,57,1,57,1,57,1,57,1,57,1,57
qst_0408,constrained,confluence,dsid_e190b0de0d27466fa91bfc18b0815311|dsid_53035d2eb5024effac3aafd3e6ca6e70,2000,2000,3.157,1,1,1,1,1,1,1,1,1,1,1,1,1,1,1,1,1,1,1,1,1,1,1,1,1,1,1,1,1,1,1,1,1,1
qst_0409,constrained,linear,dsid_7159e8c7b7a84c45aa51b71fdfc837fc,2000,2000,3.246,1,1,1,1,1,1,1,1,1,1,1,1,1,1,1,1,1,1,1,1,1,1,1,1,1,1,1,1,1,1,1,1,1,1
qst_0410,constrained,slack,dsid_ab50b630b14e4bfda87847286157b739,2000,2000,2.169,1,4,1,4,1,4,1,4,1,4,1,4,1,4,1,4,1,4,1,4,1,4,1,4,1,4,1,4,1,4,1,4,1,4
qst_0411,conflicting_info,google_drive|jira,dsid_5f3a672da4974781a5577b0f3d4993e9|dsid_8ffbd9fe82df457ca67d4fbc9ff1090c,2000,2000,3.136,1,2,1,2,1,2,1,2,1,2,1,2,1,2,1,2,1,2,1,2,1,2,1,2,1,2,1,2,1,2,1,2,1,2
qst_0412,conflicting_info,confluence|google_drive,dsid_89c0c31e220c4777b15c3c6ff0eff61d|dsid_a2bf755670ad44e09b42c11e9d73e5d3,2000,2000,2.426,1,7,1,7,1,7,1,7,1,7,1,7,1,7,1,7,1,7,1,7,1,7,1,7,1,7,1,7,1,7,1,7,1,7
qst_0413,conflicting_info,jira,dsid_6df52fdb96ae4edcb76464738bca3340|dsid_6df52fdb96ae4edcb76464738bca3340,2000,2000,2.127,1,1,1,1,1,1,1,1,1,1,1,1,1,1,1,1,1,1,1,1,1,1,1,1,1,1,1,1,1,1,1,1,1,1
qst_0414,conflicting_info,gmail|jira,dsid_5611f05242ae4e6b9ae68d3c3e91bd54|dsid_0c1f1c83e8d44d2fa3a9f6c7b2d7b9f1,2000,2000,2.476,0,,0,,0,,0,,0,,0,,0,,0,,0,,0,,0,,0,,0,,0,,0,,1,505,1,505
qst_0415,conflicting_info,confluence|slack,dsid_1d487c52d79a44c2b40eb19a0db51122|dsid_05841423a55e4c35abd276d9899b7134,2000,2000,2.507,1,2,1,2,1,2,1,2,1,2,1,2,1,2,1,2,1,2,1,2,1,2,1,2,1,2,1,2,1,2,1,2,1,2
qst_0416,conflicting_info,google_drive|hubspot,dsid_8ca703d991844bd195b4b8fdc16040fd|dsid_3c3ab5813b264367877e0d02f652ca32,2000,2000,3.06,1,1,1,1,1,1,1,1,1,1,1,1,1,1,1,1,1,1,1,1,1,1,1,1,1,1,1,1,1,1,1,1,1,1
qst_0417,conflicting_info,confluence|fireflies,dsid_aa97b7293f9f4f3c8180f645e4fe5911|dsid_10a589a5ee9048d9a33deb4156037171,2000,2000,3.528,0,,0,,0,,0,,0,,0,,0,,0,,0,,0,,0,,0,,1,158,1,158,1,158,1,158,1,158
qst_0418,conflicting_info,confluence|github,dsid_981f4a0281054f9aaaec7887156eebc4|dsid_b837e1140d1a4c3d8efd2f42d9b6a799,2000,2000,2.519,1,2,1,2,1,2,1,2,1,2,1,2,1,2,1,2,1,2,1,2,1,2,1,2,1,2,1,2,1,2,1,2,1,2
qst_0419,conflicting_info,confluence|google_drive,dsid_db1c1f64721b468dafb35c2e0080a8f8|dsid_113f5cc6931640c3b82adcc07142d829,2000,2000,2.376,1,9,1,9,1,9,1,9,1,9,1,9,1,9,1,9,1,9,1,9,1,9,1,9,1,9,1,9,1,9,1,9,1,9
qst_0420,conflicting_info,confluence|google_drive,dsid_4e65166659394a90922be6a5c7b110a8|dsid_7b2f4b37dfb642e19d78c5f9d2c43f16,2000,2000,2.623,1,1,1,1,1,1,1,1,1,1,1,1,1,1,1,1,1,1,1,1,1,1,1,1,1,1,1,1,1,1,1,1,1,1
qst_0421,conflicting_info,confluence,dsid_b8ab9778e36543159da49dba3ad9c76d|dsid_9f2e6aa7f6c14b1db1c6f922a1d4b4d7,2000,2000,2.368,1,1,1,1,1,1,1,1,1,1,1,1,1,1,1,1,1,1,1,1,1,1,1,1,1,1,1,1,1,1,1,1,1,1
qst_0422,conflicting_info,confluence|linear,dsid_9cde32cd0645459b80ec513df27d1eb6|dsid_8733ed2132dc4232b2797c1d9a167cb9,2000,2000,3.341,1,5,1,5,1,5,1,5,1,5,1,5,1,5,1,5,1,5,1,5,1,5,1,5,1,163,1,163,1,163,1,163,1,163
qst_0423,conflicting_info,jira|linear,dsid_c5288dd4874345adb80f4a71c9a18773|dsid_03b2db544a6d4cf886fb9869058a05f2,2000,2000,3.267,0,,0,,1,21,1,21,1,21,1,21,1,21,1,21,1,21,1,21,1,21,1,130,1,130,1,130,1,130,1,130,1,130
qst_0424,conflicting_info,confluence|linear,dsid_f039509796f842cd84ba3bfb895c7132|dsid_7f2a6f2d2de34f94a5b6f3d5d0d1f6a2,2000,2000,2.364,1,4,1,4,1,4,1,4,1,4,1,4,1,4,1,4,1,4,1,4,1,4,1,4,1,4,1,4,1,4,1,4,1,4
qst_0425,conflicting_info,confluence|google_drive,dsid_834de01417d04878b4257f0f03ccbb88|dsid_2f9c99fc8ec74495b4b08c49a6083ba8,2000,2000,2.519,1,2,1,2,1,2,1,2,1,2,1,2,1,2,1,2,1,2,1,2,1,2,1,2,1,2,1,2,1,2,1,2,1,2
qst_0426,conflicting_info,confluence|linear,dsid_c90bd544f3b5437fba711492db31aeea|dsid_553e1651575a416dae6b92d019d2f9f4,2000,2000,2.554,0,,0,,0,,0,,0,,0,,0,,0,,0,,0,,0,,0,,0,,0,,1,298,1,298,1,298
qst_0427,conflicting_info,confluence|gmail,dsid_86f033ed92b84f3a8b381d09b0b95357|dsid_d93aed75845e4a0b8126a80d8a7a5a41,2000,2000,2.587,1,2,1,2,1,2,1,2,1,2,1,2,1,2,1,2,1,2,1,2,1,2,1,2,1,2,1,2,1,2,1,2,1,2
qst_0428,conflicting_info,confluence|google_drive,dsid_1214ee9ab5e44de487c800f7a4771d7d|dsid_10559147d3014931898864f22c311e47,2000,2000,3.178,0,,0,,0,,0,,0,,0,,0,,0,,0,,0,,0,,0,,0,,0,,1,243,1,243,1,243
qst_0429,conflicting_info,github|google_drive,dsid_96912c22b0b04024b573606105bd5ea0|dsid_8a085e12606b4ea79f43ee176cba2ccb,2000,2000,2.369,1,2,1,2,1,2,1,2,1,2,1,2,1,2,1,2,1,2,1,2,1,2,1,2,1,2,1,2,1,2,1,2,1,2
qst_0430,conflicting_info,confluence|fireflies,dsid_3c9fe2220c204f13b878bd7d3a168f91|dsid_8f0b7a8c1dbb4df0b23f6c4e61c9f1a6,2000,2000,3.094,0,,0,,0,,0,,0,,0,,0,,0,,0,,0,,0,,1,125,1,125,1,125,1,125,1,125,1,125
qst_0431,completeness,confluence,dsid_f6e3b7ad413142019dbb5a5fed07f548|dsid_840703a1cc37438a84e9beb68029d80b,2000,2000,2.665,1,1,1,1,1,1,1,1,1,1,1,1,1,1,1,1,1,1,1,1,1,1,1,1,1,1,1,1,1,1,1,1,1,1
qst_0432,completeness,confluence|gmail|jira|slack,dsid_a592f24d2f3b4c21ba507b20c832d069|dsid_5e87f57f0e424a3a9e79a3032d63eab8|dsid_a45bf5a85c7948dda06a42fc9f8b3ae3|dsid_34f267b98745435b8d95e883b29ded9d|dsid_c4afa7bd5d104c43b45567c799121342|dsid_91abfa2001d747b3b570e8abce00ef4d,2000,2000,2.298,1,2,1,2,1,2,1,2,1,2,1,2,1,2,1,2,1,2,1,2,1,2,1,2,1,2,1,2,1,2,1,2,1,2
qst_0433,completeness,confluence,dsid_8c92178c254d467c9854db67aac7c9be|dsid_a898d2541b944cdebeec03ec9d9ba130|dsid_cf06e75be4f94156ac338f62e3ee028b|dsid_97b25b6f83c542e7b81d6504b5653dcb|dsid_3e991a24c7bc4e91b99eb5846b927558|dsid_74ebb73359364bc791707a92a3227e3a,2000,2000,2.835,1,1,1,1,1,1,1,1,1,1,1,1,1,1,1,1,1,1,1,1,1,1,1,1,1,1,1,1,1,1,1,1,1,1
qst_0434,completeness,confluence|google_drive,dsid_1f781623f5c14b3686b1129d19b73884|dsid_8f6063b780784a139de5c4d5afa49eb2|dsid_d04ead3e1e2d4c9f9cd34c73dca30b5d|dsid_81f6e00a9f474941ab5c123a64b0b80e|dsid_3986d90d7a5348048d989c17fe8dfd83|dsid_9d923c50817b4989b96dad5c7ad7c8a8,2000,2000,2.39,1,6,1,6,1,6,1,6,1,6,1,6,1,6,1,6,1,6,1,6,1,6,1,6,1,6,1,6,1,6,1,6,1,6
qst_0435,completeness,confluence,dsid_7fc490f8522b486c8f4b665d5189066c|dsid_a134a3fd3c244a52a8d3e1ff515fdf58|dsid_ce60931a1aea428b8186228ee40bb497|dsid_03e22d519f9b40a5ac61a03e5c4620d3|dsid_431b0713c42847bbac15f3354776db68|dsid_8116cb3e580543d7bde1c57df351a3f3,2000,2000,2.324,1,6,1,6,1,6,1,6,1,6,1,6,1,6,1,6,1,6,1,6,1,6,1,6,1,6,1,6,1,6,1,6,1,6
qst_0436,completeness,github|jira|slack,dsid_a8af533a3f89402ca739bfdc5322b42e|dsid_3a5484e7e7164e389e76d188bce9f86e|dsid_1a160e1c00934f108e17183f44e3ca77|dsid_6f37b2b4341947028019bd41748eaff9|dsid_1f13ed74ef87494b81a2fc2617ab7746|dsid_1159814f66a340d79536516db194f623|dsid_c6efd46ecc6449ac8be1e53ed3803e92|dsid_8c707328a7fc444f84a8e00f90021866|dsid_98d534e949ce4fdd8ed5d651ec5ebe4b|dsid_65b12644ea52428b9c032d2cd9b75d8a,2000,2000,2.409,1,1,1,1,1,1,1,1,1,1,1,1,1,1,1,1,1,1,1,1,1,1,1,1,1,1,1,1,1,349,1,349,1,349
qst_0437,completeness,confluence,dsid_15a9d93cc59c4241a97a7e72f749a216|dsid_0e0ac7276c864c63a02586fa07ae85e1|dsid_c0c93abadf4c438189e23cb45256c6e9|dsid_ac94dcaf2e1e4674b2351a8b4177db9e|dsid_98943148c00b42db859ec2d84649fe04|dsid_ed145ed8c9234a6681359188e2f43345|dsid_bd7caad8adb2405eaa7ad78c4ffb59d7|dsid_d373a0708d4144d684e495c52c16448a|dsid_ec406aef8d0342c78ae27025670daedf,2000,2000,2.106,0,,0,,0,,0,,0,,0,,0,,0,,0,,0,,0,,0,,0,,0,,0,,0,,0,
qst_0438,completeness,confluence|google_drive|jira|slack,dsid_6ecddbbad4fa4fe985d855676b96cd91|dsid_ad148b222d31473f8a3d279d679935eb|dsid_02f0cd8c874b431cbdec5455721ce8c1|dsid_bce6ec1b34a044d694dda5607a184d31|dsid_61ad31f35c0d487e8f56b59c833d5b55|dsid_23626a14ac9847f1b3349ad6e1909bd7|dsid_ada1b8ab101f4d3d91f8f42d98b3c693|dsid_88510552fc494d968943d4eab777e82a|dsid_695df5a2d3f645cdb6882332092cd838,2000,2000,2.354,1,2,1,2,1,2,1,2,1,2,1,2,1,2,1,2,1,2,1,2,1,2,1,2,1,2,1,2,1,2,1,2,1,2
qst_0439,completeness,confluence,dsid_4e016427a93c49ffadd31fcdc1dca792|dsid_d3edd63b9ec54523ad12bd9be3d7e996|dsid_faf3246a6ce845e6b5df0ae52f439399|dsid_bf7e79dc1331447598c4eebdc5d2897d|dsid_a277ed2dc74c4bad82bc71b534b6356f,2000,2000,3.211,1,8,1,12,1,12,1,12,1,12,1,12,1,12,1,12,1,12,1,12,1,12,1,12,1,12,1,12,1,12,1,12,1,12
qst_0440,completeness,confluence,dsid_385fd2388669469e87964b25d6428871|dsid_50f47a9662ea40858feb7bd975071c96|dsid_03042cec7a2344769bca5a624091092e|dsid_b96ce0f550a9437e902636a7628160ca|dsid_eba5d122d7244ffbb6c20a2487aa1017|dsid_dd0fe40a2c71489793d566e46e95bb93,2000,2000,3.814,1,3,1,3,1,3,1,3,1,3,1,3,1,3,1,3,1,3,1,3,1,3,1,3,1,3,1,3,1,3,1,3,1,3
qst_0441,completeness,confluence,dsid_4bb945f3de9b4f6aa834d2941fae625f|dsid_89889daf6b89426ca90049f313d4324f|dsid_e2327ad35ceb466489dad854770739bf|dsid_871b6712caf44f8bbfea4d8a15e436b6|dsid_80e095c2dc1745af86b80d24e27a9857|dsid_7f6bde5cefa543a7b1943ffaf5a8a9f1,2000,2000,2.82,1,1,1,1,1,1,1,1,1,1,1,1,1,1,1,1,1,1,1,1,1,1,1,1,1,1,1,1,1,1,1,1,1,1
qst_0442,completeness,confluence,dsid_319db001cae246bbbb16f441b64d9b82|dsid_eca097630e444b2d8e30da4b08fcbc4e|dsid_2ee4c1a35c5f4dba9b49efd3e97dd265|dsid_2db615f2f6f14cbfae67c62b3c976b27|dsid_914d75cb27ee4a06b3f69e445d715ab4|dsid_81a7e3e0204d4c6984e0a503d5423314|dsid_bf7e0df04c8748458b5515c864c48609|dsid_190d9732b59b411d8a6bcc59fd61b309,2000,2000,3.099,1,3,1,3,1,3,1,3,1,3,1,3,1,3,1,3,1,3,1,3,1,3,1,3,1,3,1,3,1,3,1,3,1,3
qst_0443,completeness,fireflies|gmail|slack,dsid_3a052bc2335c4211923e8220c7f3c2fa|dsid_18b209d55ea04c16b687b468e4e5f2e6|dsid_9b826592387b47b29b25018823296577|dsid_a5cec1a368344e6fa3884ad47cd7d175|dsid_ccc31ea69f9d45e68b803d2a8c6c655f,2000,2000,2.762,1,10,1,10,1,10,1,10,1,10,1,10,1,10,1,10,1,10,1,10,1,10,1,10,1,10,1,10,1,10,1,10,1,878
qst_0444,completeness,confluence,dsid_117e5a150aa94adc86295786bd6b7843|dsid_5cde26f232454906879617dab1800fae|dsid_92d0d471ddc941288bcb51b3ded6ec36|dsid_d8d194e311b9482cb38c61134b6d26fa|dsid_40471ba4cd3b430eab3ac0877eef0972|dsid_2ad75f27c36b492f847d5b9c63492e4b,2000,2000,2.486,1,1,1,1,1,1,1,1,1,1,1,1,1,1,1,1,1,1,1,1,1,1,1,1,1,1,1,1,1,1,1,1,1,1
qst_0445,completeness,confluence,dsid_2b7848a8491749f8b9b9a8c13f78445f|dsid_cb0d800639e84d68ae035596c7f6f1f8|dsid_a54a2f8553804d34986f42a49907b9d0|dsid_e82eadf0700f4e6db8eecc460c4cac44|dsid_32c5e7ca0e2e4eadac78b01a35cfed7a|dsid_04e98bd61eac4ec89e3fc13c38de1b8e|dsid_2ce9ae40d5d347c1add2b31c4d5a8c3c|dsid_2dab968306594149a14ef27b2a1641d1,2000,2000,3.239,1,5,1,5,1,5,1,5,1,5,1,5,1,5,1,5,1,5,1,5,1,5,1,5,1,5,1,5,1,262,1,262,1,262
qst_0446,completeness,confluence|fireflies|gmail|jira|slack,dsid_312eed72d5d04d27a52717f94e178341|dsid_f97baf7b89b34cac9fc2fcde251a2502|dsid_1507ad6f9a704d4fb86aac359ade8c51|dsid_e0cd6ae5755943258ef361ce2a1c0295|dsid_b43656ed184842b8a54c51137141d3cc,2000,2000,2.542,1,1,1,1,1,1,1,1,1,1,1,1,1,1,1,1,1,1,1,1,1,1,1,1,1,1,1,1,1,1,1,1,1,1
qst_0447,completeness,confluence,dsid_452dc45d76754cbca8a3674170599633|dsid_e5fe3fd0cf444668a64970ec00818f46|dsid_ac2fdba09cc24cd98ba60f5da114780c|dsid_8c3d5e26a1c841199d3bcd7aea5d495e|dsid_6807c651b55546559733c7c6f8dc133d|dsid_5d509e588f994166a2ccc6e39cbf6cb5,2000,2000,2.463,1,10,1,10,1,10,1,10,1,10,1,10,1,10,1,10,1,10,1,10,1,10,1,10,1,10,1,10,1,10,1,10,1,10
qst_0448,completeness,gmail|google_drive|jira|slack,dsid_e91e68b31a6f4935b87d6f74dd07e1f6|dsid_b793b06789ae4147884e94681c6beae1|dsid_6933f9241ef140da9d3bf98be52be867|dsid_b72bd7e0c91a4f8c9d9a13daf6ff3d28|dsid_84ec014ad9f14f1481b45484da41181a|dsid_67a8c3300752435296938175e9a1daf5|dsid_5f0ab47fe8de47a89bb6668f8722becf,2000,2000,3.189,1,2,1,2,1,2,1,2,1,2,1,2,1,2,1,2,1,2,1,2,1,2,1,134,1,134,1,134,1,134,1,134,1,777
qst_0449,completeness,jira,dsid_8dff963a50774cdd84131d9ae5e4f4f3|dsid_5cf1a6657f1848968b2fd154066950ae|dsid_97992c0043184c7b9c10ed2106482ae1|dsid_e17e3ec88d4947bbb53c8190ccc90c54|dsid_19354d85a1d14a469274135ccb314a20|dsid_cc49c932507c42959ba9e4824f0d6b7f,2000,2000,2.763,1,5,1,5,1,5,1,5,1,5,1,5,1,5,1,5,1,5,1,5,1,5,1,5,1,5,1,5,1,5,1,528,1,528
qst_0450,completeness,fireflies,dsid_c875ada2f9164277aa9500daa4753c68|dsid_3fa62946c32f47a489cf4aa2c4fc578b|dsid_51bac931bc704d7cb04438c33a2938da|dsid_85045318e1fd484b8a6ad5d724dd6e7c|dsid_5013219e53bb483cb9244fc16828d88c|dsid_7203cedfce0f4a149573d79592022d9f|dsid_3c9fe2220c204f13b878bd7d3a168f91|dsid_c637bbc9afd344e6aebde62826284a06,2000,2000,2.61,0,,0,,0,,0,,0,,0,,0,,0,,0,,0,,0,,0,,1,164,1,164,1,203,1,203,1,203
qst_0451,miscellaneous,slack,dsid_c91a34ed8dcb44aeacf7713c5aab8dea,2000,2000,2.708,1,1,1,1,1,1,1,1,1,1,1,1,1,1,1,1,1,1,1,1,1,1,1,1,1,1,1,1,1,1,1,1,1,1
qst_0452,miscellaneous,google_drive,dsid_6279854275e44cce9115af8286fdf38b,2000,2000,1.967,1,1,1,1,1,1,1,1,1,1,1,1,1,1,1,1,1,1,1,1,1,1,1,1,1,1,1,1,1,1,1,1,1,1
qst_0453,miscellaneous,google_drive,dsid_a8a5eac6e7a243319426769963506277,2000,2000,1.764,1,1,1,1,1,1,1,1,1,1,1,1,1,1,1,1,1,1,1,1,1,1,1,1,1,1,1,1,1,1,1,1,1,1
qst_0454,miscellaneous,jira,dsid_0fa69b4e576f417ab759af8e33cb049f,2000,2000,1.815,1,1,1,1,1,1,1,1,1,1,1,1,1,1,1,1,1,1,1,1,1,1,1,1,1,1,1,1,1,1,1,1,1,1
qst_0455,miscellaneous,slack,dsid_a5503307a8bc45d1b2155968543598df,2000,2000,1.975,1,1,1,1,1,1,1,1,1,1,1,1,1,1,1,1,1,1,1,1,1,1,1,1,1,1,1,1,1,1,1,1,1,1
qst_0456,miscellaneous,slack,dsid_2d829921c58b4e3db4be1d60fc0ceb3a,2000,2000,2.139,0,,0,,0,,0,,0,,0,,0,,0,,0,,0,,0,,0,,0,,0,,1,305,1,305,1,305
qst_0457,miscellaneous,confluence,dsid_bb14e2f3925b4e27829c4f3c1aea3af1,2000,2000,2.05,1,1,1,1,1,1,1,1,1,1,1,1,1,1,1,1,1,1,1,1,1,1,1,1,1,1,1,1,1,1,1,1,1,1
qst_0458,miscellaneous,confluence,dsid_8cb8070d41604b67901e60da07713d92,2000,2000,2.138,1,2,1,2,1,2,1,2,1,2,1,2,1,2,1,2,1,2,1,2,1,2,1,2,1,2,1,2,1,2,1,2,1,2
qst_0459,miscellaneous,slack,dsid_bb6f267d73a64a1b947a524dd602daa0,2000,2000,2.063,1,1,1,1,1,1,1,1,1,1,1,1,1,1,1,1,1,1,1,1,1,1,1,1,1,1,1,1,1,1,1,1,1,1
qst_0460,miscellaneous,fireflies,dsid_2c9dcc3afa3249f39c725884e5be5c72,2000,2000,2.008,1,1,1,1,1,1,1,1,1,1,1,1,1,1,1,1,1,1,1,1,1,1,1,1,1,1,1,1,1,1,1,1,1,1
qst_0461,miscellaneous,google_drive,dsid_22b0987227cd4fdb94d67e5a62bbde40,2000,2000,1.991,1,1,1,1,1,1,1,1,1,1,1,1,1,1,1,1,1,1,1,1,1,1,1,1,1,1,1,1,1,1,1,1,1,1
qst_0462,miscellaneous,jira,dsid_df79433aa56c489d93efd96e27dc1fc8,2000,2000,2.269,1,1,1,1,1,1,1,1,1,1,1,1,1,1,1,1,1,1,1,1,1,1,1,1,1,1,1,1,1,1,1,1,1,1
qst_0463,miscellaneous,slack,dsid_d1d341864dcf4af9877d3dcd91e448bc,2000,2000,1.596,1,1,1,1,1,1,1,1,1,1,1,1,1,1,1,1,1,1,1,1,1,1,1,1,1,1,1,1,1,1,1,1,1,1
qst_0464,miscellaneous,slack,dsid_199789e68ef741bca44a24d535ed6c00,2000,2000,1.956,0,,0,,0,,0,,0,,0,,1,65,1,65,1,65,1,65,1,65,1,65,1,65,1,65,1,65,1,65,1,65
qst_0465,miscellaneous,slack,dsid_0714b09be5344489884cc5ee734e5f25,2000,2000,1.887,1,1,1,1,1,1,1,1,1,1,1,1,1,1,1,1,1,1,1,1,1,1,1,1,1,1,1,1,1,1,1,1,1,1
qst_0466,miscellaneous,slack,dsid_70fffe7de6d545bcbbc47b448b17164d,2000,2000,1.642,1,1,1,1,1,1,1,1,1,1,1,1,1,1,1,1,1,1,1,1,1,1,1,1,1,1,1,1,1,1,1,1,1,1
qst_0467,miscellaneous,github,dsid_514b8181941d47cb85e460c68e9d30a2,2000,2000,2.681,1,1,1,1,1,1,1,1,1,1,1,1,1,1,1,1,1,1,1,1,1,1,1,1,1,1,1,1,1,1,1,1,1,1
qst_0468,miscellaneous,slack,dsid_3e0b3c67d6d647c185afb1c7633ac292,2000,2000,1.96,1,1,1,1,1,1,1,1,1,1,1,1,1,1,1,1,1,1,1,1,1,1,1,1,1,1,1,1,1,1,1,1,1,1
qst_0469,miscellaneous,confluence,dsid_c1a652436b2e4c949f5de9f5da227cd7,2000,2000,2.123,1,1,1,1,1,1,1,1,1,1,1,1,1,1,1,1,1,1,1,1,1,1,1,1,1,1,1,1,1,1,1,1,1,1
qst_0470,miscellaneous,fireflies,dsid_aea4790d4bcc45859208d7d705f682a1,2000,2000,3.093,1,1,1,1,1,1,1,1,1,1,1,1,1,1,1,1,1,1,1,1,1,1,1,1,1,1,1,1,1,1,1,1,1,1
qst_0471,high_level,,,2000,2000,2.131,0,,0,,0,,0,,0,,0,,0,,0,,0,,0,,0,,0,,0,,0,,0,,0,,0,
qst_0472,high_level,,,2000,2000,2.318,0,,0,,0,,0,,0,,0,,0,,0,,0,,0,,0,,0,,0,,0,,0,,0,,0,
qst_0473,high_level,,,2000,2000,3.552,0,,0,,0,,0,,0,,0,,0,,0,,0,,0,,0,,0,,0,,0,,0,,0,,0,
qst_0474,high_level,,,2000,2000,2.376,0,,0,,0,,0,,0,,0,,0,,0,,0,,0,,0,,0,,0,,0,,0,,0,,0,
qst_0475,high_level,,,2000,2000,2.674,0,,0,,0,,0,,0,,0,,0,,0,,0,,0,,0,,0,,0,,0,,0,,0,,0,
qst_0476,high_level,,,2000,2000,2.766,0,,0,,0,,0,,0,,0,,0,,0,,0,,0,,0,,0,,0,,0,,0,,0,,0,
qst_0477,high_level,,,2000,2000,2.551,0,,0,,0,,0,,0,,0,,0,,0,,0,,0,,0,,0,,0,,0,,0,,0,,0,
qst_0478,high_level,,,2000,2000,2.323,0,,0,,0,,0,,0,,0,,0,,0,,0,,0,,0,,0,,0,,0,,0,,0,,0,
qst_0479,high_level,,,2000,2000,2.277,0,,0,,0,,0,,0,,0,,0,,0,,0,,0,,0,,0,,0,,0,,0,,0,,0,
qst_0480,high_level,,,2000,2000,2.407,0,,0,,0,,0,,0,,0,,0,,0,,0,,0,,0,,0,,0,,0,,0,,0,,0,
qst_0481,info_not_found,,,2000,2000,3.411,0,,0,,0,,0,,0,,0,,0,,0,,0,,0,,0,,0,,0,,0,,0,,0,,0,
qst_0482,info_not_found,,,2000,2000,2.857,0,,0,,0,,0,,0,,0,,0,,0,,0,,0,,0,,0,,0,,0,,0,,0,,0,
qst_0483,info_not_found,,,2000,2000,2.454,0,,0,,0,,0,,0,,0,,0,,0,,0,,0,,0,,0,,0,,0,,0,,0,,0,
qst_0484,info_not_found,,,2000,2000,2.253,0,,0,,0,,0,,0,,0,,0,,0,,0,,0,,0,,0,,0,,0,,0,,0,,0,
qst_0485,info_not_found,,,2000,2000,3.098,0,,0,,0,,0,,0,,0,,0,,0,,0,,0,,0,,0,,0,,0,,0,,0,,0,
qst_0486,info_not_found,,,2000,2000,3.724,0,,0,,0,,0,,0,,0,,0,,0,,0,,0,,0,,0,,0,,0,,0,,0,,0,
qst_0487,info_not_found,,,2000,2000,2.174,0,,0,,0,,0,,0,,0,,0,,0,,0,,0,,0,,0,,0,,0,,0,,0,,0,
qst_0488,info_not_found,,,2000,2000,2.597,0,,0,,0,,0,,0,,0,,0,,0,,0,,0,,0,,0,,0,,0,,0,,0,,0,
qst_0489,info_not_found,,,2000,2000,2.799,0,,0,,0,,0,,0,,0,,0,,0,,0,,0,,0,,0,,0,,0,,0,,0,,0,
qst_0490,info_not_found,,,2000,2000,2.782,0,,0,,0,,0,,0,,0,,0,,0,,0,,0,,0,,0,,0,,0,,0,,0,,0,
qst_0491,info_not_found,,,2000,2000,2.52,0,,0,,0,,0,,0,,0,,0,,0,,0,,0,,0,,0,,0,,0,,0,,0,,0,
qst_0492,info_not_found,,,2000,2000,2.195,0,,0,,0,,0,,0,,0,,0,,0,,0,,0,,0,,0,,0,,0,,0,,0,,0,
qst_0493,info_not_found,,,2000,2000,3.554,0,,0,,0,,0,,0,,0,,0,,0,,0,,0,,0,,0,,0,,0,,0,,0,,0,
qst_0494,info_not_found,,,2000,2000,2.896,0,,0,,0,,0,,0,,0,,0,,0,,0,,0,,0,,0,,0,,0,,0,,0,,0,
qst_0495,info_not_found,,,2000,2000,2.277,0,,0,,0,,0,,0,,0,,0,,0,,0,,0,,0,,0,,0,,0,,0,,0,,0,
qst_0496,info_not_found,,,2000,2000,2.685,0,,0,,0,,0,,0,,0,,0,,0,,0,,0,,0,,0,,0,,0,,0,,0,,0,
qst_0497,info_not_found,,,2000,2000,3.193,0,,0,,0,,0,,0,,0,,0,,0,,0,,0,,0,,0,,0,,0,,0,,0,,0,
qst_0498,info_not_found,,,2000,2000,3.628,0,,0,,0,,0,,0,,0,,0,,0,,0,,0,,0,,0,,0,,0,,0,,0,,0,
qst_0499,info_not_found,,,2000,2000,2.402,0,,0,,0,,0,,0,,0,,0,,0,,0,,0,,0,,0,,0,,0,,0,,0,,0,
qst_0500,info_not_found,,,2000,2000,3.154,0,,0,,0,,0,,0,,0,,0,,0,,0,,0,,0,,0,,0,,0,,0,,0,,0,
